date,nav,daily_pnl,position,pos_size_bbl,roll_cost,action,crack,z_score
2019-01-02,1000000.0,0.0,0,0,0.0,hold,14.3852,
2019-01-03,1000000.0,0.0,0,0,0.0,hold,15.084,
2019-01-04,1000000.0,0.0,0,0,0.0,hold,14.5472,
2019-01-07,1000000.0,0.0,0,0,0.0,hold,13.92,
2019-01-08,1000000.0,0.0,0,0,0.0,hold,13.9508,
2019-01-09,1000000.0,0.0,0,0,0.0,hold,13.8824,
2019-01-10,1000000.0,0.0,0,0,0.0,hold,14.155,
2019-01-11,1000000.0,0.0,0,0,0.0,hold,13.9454,
2019-01-14,1000000.0,0.0,0,0,0.0,hold,13.6114,
2019-01-15,1000000.0,0.0,0,0,0.0,hold,13.62,
2019-01-16,1000000.0,0.0,0,0,0.0,hold,13.8596,
2019-01-17,1000000.0,0.0,0,0,0.0,hold,14.3502,
2019-01-18,1000000.0,0.0,0,0,0.0,hold,13.7024,
2019-01-22,1000000.0,0.0,0,0,0.0,hold,13.2874,
2019-01-23,1000000.0,0.0,0,0,0.0,hold,12.62,
2019-01-24,1000000.0,0.0,0,0,0.0,hold,12.1212,
2019-01-25,1000000.0,0.0,0,0,0.0,hold,11.6998,
2019-01-28,1000000.0,0.0,0,0,0.0,hold,11.0646,
2019-01-29,1000000.0,0.0,0,0,0.0,hold,11.0802,
2019-01-30,1000000.0,0.0,0,0,0.0,hold,11.052,
2019-01-31,1000000.0,0.0,0,0,0.0,hold,10.6688,
2019-02-01,1000000.0,0.0,0,0,0.0,hold,11.751,
2019-02-04,1000000.0,0.0,0,0,0.0,hold,12.248,
2019-02-05,1000000.0,0.0,0,0,0.0,hold,12.8302,
2019-02-06,1000000.0,0.0,0,0,0.0,hold,13.6156,
2019-02-07,1000000.0,0.0,0,0,0.0,hold,13.8894,
2019-02-08,1000000.0,0.0,0,0,0.0,hold,14.4982,
2019-02-11,1000000.0,0.0,0,0,0.0,hold,13.8184,
2019-02-12,1000000.0,0.0,0,0,0.0,hold,13.5624,
2019-02-13,1000000.0,0.0,0,0,0.0,hold,14.266,
2019-02-14,1000000.0,0.0,0,0,0.0,hold,15.4304,
2019-02-15,1000000.0,0.0,0,0,0.0,hold,16.7354,
2019-02-19,1000000.0,0.0,0,0,0.0,hold,15.6208,
2019-02-20,1000000.0,0.0,0,0,0.0,hold,16.083,
2019-02-21,1000000.0,0.0,0,0,0.0,hold,16.7514,
2019-02-22,1000000.0,0.0,0,0,0.0,hold,16.289,
2019-02-25,1000000.0,0.0,0,0,0.0,hold,15.43,
2019-02-26,1000000.0,0.0,0,0,0.0,hold,16.8954,
2019-02-27,1000000.0,0.0,0,0,0.0,hold,17.1144,
2019-02-28,1000000.0,0.0,0,0,0.0,hold,16.7294,
2019-03-01,1000000.0,0.0,0,0,0.0,hold,20.6624,
2019-03-04,1000000.0,0.0,0,0,0.0,hold,20.5822,
2019-03-05,1000000.0,0.0,0,0,0.0,hold,21.1568,
2019-03-06,1000000.0,0.0,0,0,0.0,hold,22.0988,
2019-03-07,1000000.0,0.0,0,0,0.0,hold,22.069,
2019-03-08,1000000.0,0.0,0,0,0.0,hold,22.3748,
2019-03-11,1000000.0,0.0,0,0,0.0,hold,22.2568,
2019-03-12,1000000.0,0.0,0,0,0.0,hold,21.7638,
2019-03-13,1000000.0,0.0,0,0,0.0,hold,21.6198,
2019-03-14,1000000.0,0.0,0,0,0.0,hold,20.9646,
2019-03-15,1000000.0,0.0,0,0,0.0,hold,21.0434,
2019-03-18,1000000.0,0.0,0,0,0.0,hold,21.1944,
2019-03-19,1000000.0,0.0,0,0,0.0,hold,21.8424,
2019-03-20,1000000.0,0.0,0,0,0.0,hold,21.9482,
2019-03-21,1000000.0,0.0,0,0,0.0,hold,21.6078,
2019-03-22,1000000.0,0.0,0,0,0.0,hold,22.4078,
2019-03-25,1000000.0,0.0,0,0,0.0,hold,23.1668,
2019-03-26,1000000.0,0.0,0,0,0.0,hold,22.6782,
2019-03-27,1000000.0,0.0,0,0,0.0,hold,21.3924,
2019-03-28,1000000.0,0.0,0,0,0.0,hold,20.9452,
2019-03-29,1000000.0,0.0,0,0,0.0,hold,20.5644,
2019-04-01,1000000.0,0.0,0,0,0.0,hold,19.4126,
2019-04-02,1000000.0,0.0,0,0,0.0,hold,19.5426,
2019-04-03,1000000.0,0.0,0,0,0.0,hold,20.2688,
2019-04-04,1000000.0,0.0,0,0,0.0,hold,20.4048,
2019-04-05,1000000.0,0.0,0,0,0.0,hold,20.6372,
2019-04-08,1000000.0,0.0,0,0,0.0,hold,20.0634,
2019-04-09,1000000.0,0.0,0,0,0.0,hold,20.6206,
2019-04-10,1000000.0,0.0,0,0,0.0,hold,22.554,
2019-04-11,1000000.0,0.0,0,0,0.0,hold,22.226,
2019-04-12,1000000.0,0.0,0,0,0.0,hold,22.1358,
2019-04-15,1000000.0,0.0,0,0,0.0,hold,21.7844,
2019-04-16,1000000.0,0.0,0,0,0.0,hold,21.9884,
2019-04-17,1000000.0,0.0,0,0,0.0,hold,22.3792,
2019-04-18,1000000.0,0.0,0,0,0.0,hold,23.0142,
2019-04-22,1000000.0,0.0,0,0,0.0,hold,23.3904,
2019-04-23,1000000.0,0.0,0,0,0.0,hold,23.0368,
2019-04-24,1000000.0,0.0,0,0,0.0,hold,23.0898,
2019-04-25,1000000.0,0.0,0,0,0.0,hold,23.8622,
2019-04-26,1000000.0,0.0,0,0,0.0,hold,24.2336,
2019-04-29,1000000.0,0.0,0,0,0.0,hold,23.587,
2019-04-30,1000000.0,0.0,0,0,0.0,hold,24.6764,
2019-05-01,1000000.0,0.0,0,0,0.0,hold,23.5164,
2019-05-02,1000000.0,0.0,0,0,0.0,hold,23.7916,
2019-05-03,1000000.0,0.0,0,0,0.0,hold,23.7848,
2019-05-06,1000000.0,0.0,0,0,0.0,hold,22.6012,
2019-05-07,1000000.0,0.0,0,0,0.0,hold,21.69,
2019-05-08,1000000.0,0.0,0,0,0.0,hold,21.9668,
2019-05-09,1000000.0,0.0,0,0,0.0,hold,22.2216,
2019-05-10,1000000.0,0.0,0,0,0.0,hold,22.7404,
2019-05-13,1000000.0,0.0,0,0,0.0,hold,22.4812,
2019-05-14,1000000.0,0.0,0,0,0.0,hold,22.3922,
2019-05-15,1000000.0,0.0,0,0,0.0,hold,23.5438,
2019-05-16,1000000.0,0.0,0,0,0.0,hold,24.5852,
2019-05-17,1000000.0,0.0,0,0,0.0,hold,23.9014,
2019-05-20,1000000.0,0.0,0,0,0.0,hold,22.2076,
2019-05-21,1000000.0,0.0,0,0,0.0,hold,22.662,
2019-05-22,1000000.0,0.0,0,0,0.0,hold,23.021,
2019-05-23,1000000.0,0.0,0,0,0.0,hold,23.136,
2019-05-24,1000000.0,0.0,0,0,0.0,hold,23.1342,
2019-05-28,1000000.0,0.0,0,0,0.0,hold,23.5426,
2019-05-29,1000000.0,0.0,0,0,0.0,hold,23.2006,
2019-05-30,1000000.0,0.0,0,0,0.0,hold,22.8208,
2019-05-31,1000000.0,0.0,0,0,0.0,hold,22.7412,
2019-06-03,1000000.0,0.0,0,0,0.0,hold,20.7974,
2019-06-04,1000000.0,0.0,0,0,0.0,hold,20.2986,
2019-06-05,1000000.0,0.0,0,0,0.0,hold,20.6384,
2019-06-06,1000000.0,0.0,0,0,0.0,hold,20.259,
2019-06-07,1000000.0,0.0,0,0,0.0,hold,20.2464,
2019-06-10,1000000.0,0.0,0,0,0.0,hold,20.4766,
2019-06-11,1000000.0,0.0,0,0,0.0,hold,21.4158,
2019-06-12,1000000.0,0.0,0,0,0.0,hold,20.9894,
2019-06-13,1000000.0,0.0,0,0,0.0,hold,21.1696,
2019-06-14,1000000.0,0.0,0,0,0.0,hold,21.6116,
2019-06-17,1000000.0,0.0,0,0,0.0,hold,20.6054,
2019-06-18,1000000.0,0.0,0,0,0.0,hold,19.8884,
2019-06-19,1000000.0,0.0,0,0,0.0,hold,20.4456,
2019-06-20,1000000.0,0.0,0,0,0.0,hold,19.7466,
2019-06-21,1000000.0,0.0,0,0,0.0,hold,21.362,
2019-06-24,1000000.0,0.0,0,0,0.0,hold,20.7618,
2019-06-25,1000000.0,0.0,0,0,0.0,hold,21.6592,
2019-06-26,1000000.0,0.0,0,0,0.0,hold,23.3894,
2019-06-27,1000000.0,0.0,0,0,0.0,hold,22.4098,
2019-06-28,1000000.0,0.0,0,0,0.0,hold,23.1444,
2019-07-01,1000000.0,0.0,0,0,0.0,hold,22.3172,
2019-07-02,1000000.0,0.0,0,0,0.0,hold,22.5266,
2019-07-03,1000000.0,0.0,0,0,0.0,hold,22.9094,
2019-07-05,1000000.0,0.0,0,0,0.0,hold,23.186,
2019-07-08,1000000.0,0.0,0,0,0.0,hold,22.1106,
2019-07-09,1000000.0,0.0,0,0,0.0,hold,22.8716,
2019-07-10,1000000.0,0.0,0,0,0.0,hold,23.5896,
2019-07-11,1000000.0,0.0,0,0,0.0,hold,23.2064,
2019-07-12,1000000.0,0.0,0,0,0.0,hold,22.8674,
2019-07-15,1000000.0,0.0,0,0,0.0,hold,21.7908,
2019-07-16,1000000.0,0.0,0,0,0.0,hold,22.019,
2019-07-17,1000000.0,0.0,0,0,0.0,hold,22.32,
2019-07-18,1000000.0,0.0,0,0,0.0,hold,22.1326,
2019-07-19,1000000.0,0.0,0,0,0.0,hold,22.3584,
2019-07-22,1000000.0,0.0,0,0,0.0,hold,21.5542,
2019-07-23,1000000.0,0.0,0,0,0.0,hold,22.2278,
2019-07-24,1000000.0,0.0,0,0,0.0,hold,22.7846,
2019-07-25,1000000.0,0.0,0,0,0.0,hold,23.4286,
2019-07-26,1000000.0,0.0,0,0,0.0,hold,22.9448,
2019-07-29,1000000.0,0.0,0,0,0.0,hold,22.0536,
2019-07-30,1000000.0,0.0,0,0,0.0,hold,22.2792,
2019-07-31,1000000.0,0.0,0,0,0.0,hold,22.046,
2019-08-01,1000000.0,0.0,0,0,0.0,hold,20.9878,
2019-08-02,1000000.0,0.0,0,0,0.0,hold,20.6848,
2019-08-05,1000000.0,0.0,0,0,0.0,hold,19.1124,
2019-08-06,1000000.0,0.0,0,0,0.0,hold,19.1504,
2019-08-07,1000000.0,0.0,0,0,0.0,hold,18.8232,
2019-08-08,1000000.0,0.0,0,0,0.0,hold,18.412,
2019-08-09,1000000.0,0.0,0,0,0.0,hold,17.684,
2019-08-12,1000000.0,0.0,0,0,0.0,hold,16.9768,
2019-08-13,1000000.0,0.0,0,0,0.0,hold,17.8014,
2019-08-14,1000000.0,0.0,0,0,0.0,hold,17.5042,
2019-08-15,1000000.0,0.0,0,0,0.0,hold,16.699,
2019-08-16,1000000.0,0.0,0,0,0.0,hold,16.8996,
2019-08-19,1000000.0,0.0,0,0,0.0,hold,16.0566,
2019-08-20,1000000.0,0.0,0,0,0.0,hold,16.691,
2019-08-21,1000000.0,0.0,0,0,0.0,hold,17.7486,
2019-08-22,1000000.0,0.0,0,0,0.0,hold,17.1182,
2019-08-23,1000000.0,0.0,0,0,0.0,hold,17.2468,
2019-08-26,1000000.0,0.0,0,0,0.0,hold,16.7156,
2019-08-27,1000000.0,0.0,0,0,0.0,hold,16.6898,
2019-08-28,1000000.0,0.0,0,0,0.0,hold,17.2412,
2019-08-29,1000000.0,0.0,0,0,0.0,hold,16.5576,
2019-08-30,1000000.0,0.0,0,0,0.0,hold,15.67,
2019-09-03,1000000.0,0.0,0,0,0.0,hold,12.4802,
2019-09-04,1000000.0,0.0,0,0,0.0,hold,12.984,
2019-09-05,1000000.0,0.0,0,0,0.0,hold,13.427,
2019-09-06,1000000.0,0.0,0,0,0.0,hold,14.1618,
2019-09-09,1000000.0,0.0,0,0,0.0,hold,13.5066,
2019-09-10,1000000.0,0.0,0,0,0.0,hold,14.1792,
2019-09-11,1000000.0,0.0,0,0,0.0,hold,14.852,
2019-09-12,1000000.0,0.0,0,0,0.0,hold,14.7854,
2019-09-13,1000000.0,0.0,0,0,0.0,hold,14.926,
2019-09-16,1000000.0,0.0,0,0,0.0,hold,15.3404,
2019-09-17,1000000.0,0.0,0,0,0.0,hold,15.4172,
2019-09-18,1000000.0,0.0,0,0,0.0,hold,15.9318,
2019-09-19,1000000.0,0.0,0,0,0.0,hold,17.5582,
2019-09-20,1000000.0,0.0,0,0,0.0,hold,16.7134,
2019-09-23,1000000.0,0.0,0,0,0.0,hold,16.4644,
2019-09-24,1000000.0,0.0,0,0,0.0,hold,16.5768,
2019-09-25,1000000.0,0.0,0,0,0.0,hold,16.3702,
2019-09-26,1000000.0,0.0,0,0,0.0,hold,17.475,
2019-09-27,1000000.0,0.0,0,0,0.0,hold,17.5116,
2019-09-30,1000000.0,0.0,0,0,0.0,hold,17.5456,
2019-10-01,1000000.0,0.0,0,0,0.0,hold,17.0226,
2019-10-02,1000000.0,0.0,0,0,0.0,hold,16.856,
2019-10-03,1000000.0,0.0,0,0,0.0,hold,17.3792,
2019-10-04,1000000.0,0.0,0,0,0.0,hold,17.7682,
2019-10-07,1000000.0,0.0,0,0,0.0,hold,17.8394,
2019-10-08,1000000.0,0.0,0,0,0.0,hold,18.3766,
2019-10-09,1000000.0,0.0,0,0,0.0,hold,18.719,
2019-10-10,1000000.0,0.0,0,0,0.0,hold,18.7936,
2019-10-11,1000000.0,0.0,0,0,0.0,hold,18.5928,
2019-10-14,1000000.0,0.0,0,0,0.0,hold,18.391,
2019-10-15,1000000.0,0.0,0,0,0.0,hold,19.1332,
2019-10-16,1000000.0,0.0,0,0,0.0,hold,19.3308,
2019-10-17,1000000.0,0.0,0,0,0.0,hold,18.7734,
2019-10-18,1000000.0,0.0,0,0,0.0,hold,18.9234,
2019-10-21,1000000.0,0.0,0,0,0.0,hold,18.86,
2019-10-22,1000000.0,0.0,0,0,0.0,hold,18.101,
2019-10-23,1000000.0,0.0,0,0,0.0,hold,17.7834,
2019-10-24,1000000.0,0.0,0,0,0.0,hold,18.1478,
2019-10-25,1000000.0,0.0,0,0,0.0,hold,17.8984,
2019-10-28,1000000.0,0.0,0,0,0.0,hold,18.4936,
2019-10-29,1000000.0,0.0,0,0,0.0,hold,19.0478,
2019-10-30,1000000.0,0.0,0,0,0.0,hold,18.3364,
2019-10-31,1000000.0,0.0,0,0,0.0,hold,17.7856,
2019-11-01,1000000.0,0.0,0,0,0.0,hold,17.223,
2019-11-04,1000000.0,0.0,0,0,0.0,hold,17.2106,
2019-11-05,1000000.0,0.0,0,0,0.0,hold,17.0512,
2019-11-06,1000000.0,0.0,0,0,0.0,hold,16.1728,
2019-11-07,1000000.0,0.0,0,0,0.0,hold,15.5282,
2019-11-08,1000000.0,0.0,0,0,0.0,hold,15.357,
2019-11-11,1000000.0,0.0,0,0,0.0,hold,15.016,
2019-11-12,1000000.0,0.0,0,0,0.0,hold,14.9696,
2019-11-13,1000000.0,0.0,0,0,0.0,hold,15.477,
2019-11-14,1000000.0,0.0,0,0,0.0,hold,15.323,
2019-11-15,1000000.0,0.0,0,0,0.0,hold,15.332,
2019-11-18,1000000.0,0.0,0,0,0.0,hold,15.0038,
2019-11-19,1000000.0,0.0,0,0,0.0,hold,15.6972,
2019-11-20,1000000.0,0.0,0,0,0.0,hold,15.7558,
2019-11-21,1000000.0,0.0,0,0,0.0,hold,16.369,
2019-11-22,1000000.0,0.0,0,0,0.0,hold,16.122,
2019-11-25,1000000.0,0.0,0,0,0.0,hold,16.1046,
2019-11-26,1000000.0,0.0,0,0,0.0,hold,16.77,
2019-11-27,1000000.0,0.0,0,0,0.0,hold,16.1586,
2019-11-29,1000000.0,0.0,0,0,0.0,hold,15.8506,
2019-12-02,1000000.0,0.0,0,0,0.0,hold,14.4964,
2019-12-03,1000000.0,0.0,0,0,0.0,hold,13.9798,
2019-12-04,1000000.0,0.0,0,0,0.0,hold,13.4082,
2019-12-05,1000000.0,0.0,0,0,0.0,hold,14.0228,
2019-12-06,1000000.0,0.0,0,0,0.0,hold,14.2566,
2019-12-09,1000000.0,0.0,0,0,0.0,hold,14.5332,
2019-12-10,1000000.0,0.0,0,0,0.0,hold,14.547,
2019-12-11,1000000.0,0.0,0,0,0.0,hold,13.774,
2019-12-12,1000000.0,0.0,0,0,0.0,hold,13.7236,
2019-12-13,1000000.0,0.0,0,0,0.0,hold,14.3092,
2019-12-16,1000000.0,0.0,0,0,0.0,hold,14.4086,
2019-12-17,1000000.0,0.0,0,0,0.0,hold,14.7272,
2019-12-18,1000000.0,0.0,0,0,0.0,hold,14.5006,
2019-12-19,1000000.0,0.0,0,0,0.0,hold,14.9834,
2019-12-20,1000000.0,0.0,0,0,0.0,hold,15.6276,
2019-12-23,1000000.0,0.0,0,0,0.0,hold,15.5336,
2019-12-24,1000000.0,0.0,0,0,0.0,hold,15.7542,
2019-12-26,1000000.0,0.0,0,0,0.0,hold,16.153,
2019-12-27,1000000.0,0.0,0,0,0.0,hold,15.8988,
2019-12-30,1000000.0,0.0,0,0,0.0,hold,15.2808,
2019-12-31,1000000.0,0.0,0,0,0.0,hold,14.8746,
2020-01-02,1000000.0,0.0,0,0,0.0,hold,14.875,
2020-01-03,1000000.0,0.0,0,0,0.0,hold,14.776,
2020-01-06,1000000.0,0.0,0,0,0.0,hold,14.3278,
2020-01-07,1000000.0,0.0,0,0,0.0,hold,13.9752,
2020-01-08,1000000.0,0.0,0,0,0.0,hold,13.9712,
2020-01-09,1000000.0,0.0,0,0,0.0,hold,14.017,
2020-01-10,1000000.0,0.0,0,0,0.0,hold,14.4264,
2020-01-13,1000000.0,0.0,0,0,0.0,hold,14.8964,
2020-01-14,1000000.0,0.0,0,0,0.0,hold,14.8374,
2020-01-15,1000000.0,0.0,0,0,0.0,hold,14.311,
2020-01-16,1000000.0,0.0,0,0,0.0,hold,13.8544,
2020-01-17,1000000.0,0.0,0,0,0.0,hold,13.4256,
2020-01-21,1000000.0,0.0,0,0,0.0,hold,13.0908,
2020-01-22,1000000.0,0.0,0,0,0.0,hold,12.6916,
2020-01-23,1000000.0,0.0,0,0,0.0,hold,13.178,
2020-01-24,1000000.0,0.0,0,0,0.0,hold,12.5116,
2020-01-27,1000000.0,0.0,0,0,0.0,hold,11.925,
2020-01-28,1000000.0,0.0,0,0,0.0,hold,12.6322,
2020-01-29,1000000.0,0.0,0,0,0.0,hold,13.3814,
2020-01-30,1000000.0,0.0,0,0,0.0,hold,12.638,
2020-01-31,1000000.0,0.0,0,0,0.0,hold,12.8666,
2020-02-03,1000000.0,0.0,0,0,0.0,hold,13.2442,
2020-02-04,1000000.0,0.0,0,0,0.0,hold,12.9742,
2020-02-05,1000000.0,0.0,0,0,0.0,hold,13.902,
2020-02-06,1000000.0,0.0,0,0,0.0,hold,14.3096,
2020-02-07,1000000.0,0.0,0,0,0.0,hold,15.3554,
2020-02-10,1000000.0,0.0,0,0,0.0,hold,15.6014,
2020-02-11,1000000.0,0.0,0,0,0.0,hold,15.2314,
2020-02-12,1000000.0,0.0,0,0,0.0,hold,16.5578,
2020-02-13,1000000.0,0.0,0,0,0.0,hold,16.3526,
2020-02-14,1000000.0,0.0,0,0,0.0,hold,16.0572,
2020-02-18,1000000.0,0.0,0,0,0.0,hold,16.578,
2020-02-19,1000000.0,0.0,0,0,0.0,hold,17.1776,
2020-02-20,1000000.0,0.0,0,0,0.0,hold,16.738,
2020-02-21,1000000.0,0.0,0,0,0.0,hold,16.4492,
2020-02-24,1000000.0,0.0,0,0,0.0,hold,16.2096,
2020-02-25,1000000.0,0.0,0,0,0.0,hold,14.9662,
2020-02-26,1000000.0,0.0,0,0,0.0,hold,12.9988,
2020-02-27,1000000.0,0.0,0,0,0.0,hold,13.2556,
2020-02-28,1000000.0,0.0,0,0,0.0,hold,15.1824,
2020-03-02,1000000.0,0.0,0,0,0.0,hold,17.7606,
2020-03-03,1000000.0,0.0,0,0,0.0,hold,17.1584,
2020-03-04,1000000.0,0.0,0,0,0.0,hold,18.2388,
2020-03-05,1000000.0,0.0,0,0,0.0,hold,17.5494,
2020-03-06,1000000.0,0.0,0,0,0.0,hold,17.0048,
2020-03-09,1000000.0,0.0,0,0,0.0,hold,16.9838,
2020-03-10,1000000.0,0.0,0,0,0.0,hold,15.5374,
2020-03-11,1000000.0,0.0,0,0,0.0,hold,15.4404,
2020-03-12,1000000.0,0.0,0,0,0.0,hold,9.8672,
2020-03-13,1000000.0,0.0,0,0,0.0,hold,9.3712,
2020-03-16,1000000.0,0.0,0,0,0.0,hold,5.2696,
2020-03-17,1000000.0,0.0,0,0,0.0,hold,7.469,
2020-03-18,1000000.0,0.0,0,0,0.0,hold,10.8444,
2020-03-19,1000000.0,0.0,0,0,0.0,hold,8.5438,
2020-03-20,1000000.0,0.0,0,0,0.0,hold,8.6094,
2020-03-23,1000000.0,0.0,0,0,0.0,hold,2.3958,
2020-03-24,1000000.0,0.0,0,0,0.0,hold,3.5378,
2020-03-25,1000000.0,0.0,0,0,0.0,hold,6.1896,
2020-03-26,1000000.0,0.0,0,0,0.0,hold,7.3306,
2020-03-27,1000000.0,0.0,0,0,0.0,hold,9.5126,
2020-03-30,1000000.0,0.0,0,0,0.0,hold,10.5756,
2020-03-31,1000000.0,0.0,0,0,0.0,hold,9.739,
2020-04-01,1000000.0,0.0,0,0,0.0,hold,8.0442,
2020-04-02,1000000.0,0.0,0,0,0.0,hold,7.1698,
2020-04-03,1000000.0,0.0,0,0,0.0,hold,6.0132,
2020-04-06,1000000.0,0.0,0,0,0.0,hold,8.2046,
2020-04-07,1000000.0,0.0,0,0,0.0,hold,8.9046,
2020-04-08,1000000.0,0.0,0,0,0.0,hold,8.0438,
2020-04-09,1000000.0,0.0,0,0,0.0,hold,9.8208,
2020-04-13,1000000.0,0.0,0,0,0.0,hold,11.2068,
2020-04-14,1000000.0,0.0,0,0,0.0,hold,13.2688,
2020-04-15,1000000.0,0.0,0,0,0.0,hold,13.0944,
2020-04-16,1000000.0,0.0,0,0,0.0,hold,13.121,
2020-04-17,1000000.0,0.0,0,0,0.0,hold,15.0178,
2020-04-20,1000000.0,0.0,0,0,0.0,hold,68.7716,
2020-04-21,1000000.0,0.0,0,0,0.0,hold,14.455,
2020-04-22,1000000.0,0.0,0,0,0.0,hold,14.3306,
2020-04-23,1000000.0,0.0,0,0,0.0,hold,11.8038,
2020-04-24,1000000.0,0.0,0,0,0.0,hold,10.6274,
2020-04-27,1000000.0,0.0,0,0,0.0,hold,13.918,
2020-04-28,1000000.0,0.0,0,0,0.0,hold,15.1728,
2020-04-29,1000000.0,0.0,0,0,0.0,hold,15.0246,
2020-04-30,1000000.0,0.0,0,0,0.0,hold,10.945,
2020-05-01,1000000.0,0.0,0,0,0.0,hold,12.8218,
2020-05-04,1000000.0,0.0,0,0,0.0,hold,13.8554,
2020-05-05,1000000.0,0.0,0,0,0.0,hold,13.2204,
2020-05-06,1000000.0,0.0,0,0,0.0,hold,12.0992,
2020-05-07,1000000.0,0.0,0,0,0.0,hold,14.2486,
2020-05-08,1000000.0,0.0,0,0,0.0,hold,14.5118,
2020-05-11,1000000.0,0.0,0,0,0.0,hold,13.8994,
2020-05-12,1000000.0,0.0,0,0,0.0,hold,11.6756,
2020-05-13,1000000.0,0.0,0,0,0.0,hold,10.2252,
2020-05-14,1000000.0,0.0,0,0,0.0,hold,10.5732,
2020-05-15,1000000.0,0.0,0,0,0.0,hold,10.6212,
2020-05-18,1000000.0,0.0,0,0,0.0,hold,10.992,
2020-05-19,1000000.0,0.0,0,0,0.0,hold,10.396,
2020-05-20,1000000.0,0.0,0,0,0.0,hold,9.6048,
2020-05-21,1000000.0,0.0,0,0,0.0,hold,9.1888,
2020-05-22,1000000.0,0.0,0,0,0.0,hold,9.5676,
2020-05-26,1000000.0,0.0,0,0,0.0,hold,8.8904,
2020-05-27,1000000.0,0.0,0,0,0.0,hold,8.6118,
2020-05-28,1000000.0,0.0,0,0,0.0,hold,7.2064,
2020-05-29,1000000.0,0.0,0,0,0.0,hold,6.741,
2020-06-01,1000000.0,0.0,0,0,0.0,hold,8.8336,
2020-06-02,1000000.0,0.0,0,0,0.0,hold,9.7918,
2020-06-03,1000000.0,0.0,0,0,0.0,hold,8.9548,
2020-06-04,1000000.0,0.0,0,0,0.0,hold,9.7994,
2020-06-05,1000000.0,0.0,0,0,0.0,hold,10.5392,
2020-06-08,1000000.0,0.0,0,0,0.0,hold,10.9682,
2020-06-09,1000000.0,0.0,0,0,0.0,hold,11.1142,
2020-06-10,1000000.0,0.0,0,0,0.0,hold,10.6992,
2020-06-11,1000000.0,0.0,0,0,0.0,hold,10.2184,
2020-06-12,1000000.0,0.0,0,0,0.0,hold,10.64,
2020-06-15,1000000.0,0.0,0,0,0.0,hold,11.4376,
2020-06-16,1000000.0,0.0,0,0,0.0,hold,11.9752,
2020-06-17,1000000.0,0.0,0,0,0.0,hold,12.6164,
2020-06-18,1000000.0,0.0,0,0,0.0,hold,13.156,
2020-06-19,1000000.0,0.0,0,0,0.0,hold,12.8144,
2020-06-22,1000000.0,0.0,0,0,0.0,hold,12.7568,
2020-06-23,1000000.0,0.0,0,0,0.0,hold,12.8552,
2020-06-24,1000000.0,0.0,0,0,0.0,hold,11.6004,
2020-06-25,1000000.0,0.0,0,0,0.0,hold,10.896,
2020-06-26,1000000.0,0.0,0,0,0.0,hold,9.7106,
2020-06-29,1000000.0,0.0,0,0,0.0,hold,9.7704,
2020-06-30,1000000.0,0.0,0,0,0.0,hold,10.8262,
2020-07-01,1000000.0,0.0,0,0,0.0,hold,11.0476,
2020-07-02,1000000.0,0.0,0,0,0.0,hold,11.843,
2020-07-06,1000000.0,0.0,0,0,0.0,hold,11.4962,
2020-07-07,1000000.0,0.0,0,0,0.0,hold,12.4862,
2020-07-08,1000000.0,0.0,0,0,0.0,hold,12.5268,
2020-07-09,1000000.0,0.0,0,0,0.0,hold,12.5286,
2020-07-10,1000000.0,0.0,0,0,0.0,hold,12.7536,
2020-07-13,1000000.0,0.0,0,0,0.0,hold,12.6842,
2020-07-14,1000000.0,0.0,0,0,0.0,hold,11.7284,
2020-07-15,1000000.0,0.0,0,0,0.0,hold,11.6332,
2020-07-16,1000000.0,0.0,0,0,0.0,hold,10.9898,
2020-07-17,1000000.0,0.0,0,0,0.0,hold,10.7634,
2020-07-20,1000000.0,0.0,0,0,0.0,hold,10.885,
2020-07-21,1000000.0,0.0,0,0,0.0,hold,11.7916,
2020-07-22,1000000.0,0.0,0,0,0.0,hold,11.8082,
2020-07-23,1000000.0,0.0,0,0,0.0,hold,11.7282,
2020-07-24,1000000.0,0.0,0,0,0.0,hold,12.2726,
2020-07-27,1000000.0,0.0,0,0,0.0,hold,11.649,
2020-07-28,1000000.0,0.0,0,0,0.0,hold,11.7862,
2020-07-29,1000000.0,0.0,0,0,0.0,hold,11.0382,
2020-07-30,1000000.0,0.0,0,0,0.0,hold,11.2178,
2020-07-31,1000000.0,0.0,0,0,0.0,hold,10.0082,
2020-08-03,1000000.0,0.0,0,0,0.0,hold,10.3294,
2020-08-04,1000000.0,0.0,0,0,0.0,hold,9.918,
2020-08-05,1000000.0,0.0,0,0,0.0,hold,9.7318,
2020-08-06,1000000.0,0.0,0,0,0.0,hold,9.9354,
2020-08-07,1000000.0,0.0,0,0,0.0,hold,9.6714,
2020-08-10,1000000.0,0.0,0,0,0.0,hold,9.797,
2020-08-11,1000000.0,0.0,0,0,0.0,hold,9.4536,
2020-08-12,1000000.0,0.0,0,0,0.0,hold,9.7572,
2020-08-13,1000000.0,0.0,0,0,0.0,hold,9.6678,
2020-08-14,1000000.0,0.0,0,0,0.0,hold,10.1526,
2020-08-17,1000000.0,0.0,0,0,0.0,hold,10.0174,
2020-08-18,1000000.0,0.0,0,0,0.0,hold,10.6796,
2020-08-19,1000000.0,0.0,0,0,0.0,hold,10.718,
2020-08-20,1000000.0,0.0,0,0,0.0,hold,11.1758,
2020-08-21,1000000.0,0.0,0,0,0.0,hold,10.5268,
2020-08-24,1000000.0,0.0,0,0,0.0,hold,13.1252,
2020-08-25,1000000.0,0.0,0,0,0.0,hold,13.3766,
2020-08-26,1000000.0,0.0,0,0,0.0,hold,12.1326,
2020-08-27,1000000.0,0.0,0,0,0.0,hold,9.8758,
2020-08-28,1000000.0,0.0,0,0,0.0,hold,10.8908,
2020-08-31,1000000.0,0.0,0,0,0.0,hold,9.8662,
2020-09-01,1000000.0,0.0,0,0,0.0,hold,8.7628,
2020-09-02,1000000.0,0.0,0,0,0.0,hold,8.785,
2020-09-03,1000000.0,0.0,0,0,0.0,hold,8.715,
2020-09-04,1000000.0,0.0,0,0,0.0,hold,9.3126,
2020-09-08,1000000.0,0.0,0,0,0.0,hold,9.1936,
2020-09-09,1000000.0,0.0,0,0,0.0,hold,8.7758,
2020-09-10,1000000.0,0.0,0,0,0.0,hold,8.5892,
2020-09-11,1000000.0,0.0,0,0,0.0,hold,8.5816,
2020-09-14,1000000.0,0.0,0,0,0.0,hold,9.038,
2020-09-15,1000000.0,0.0,0,0,0.0,hold,8.977,
2020-09-16,1000000.0,0.0,0,0,0.0,hold,8.7574,
2020-09-17,1000000.0,0.0,0,0,0.0,hold,9.5504,
2020-09-18,1000000.0,0.0,0,0,0.0,hold,9.7408,
2020-09-21,1000000.0,0.0,0,0,0.0,hold,9.151,
2020-09-22,1000000.0,0.0,0,0,0.0,hold,8.3458,
2020-09-23,1000000.0,0.0,0,0,0.0,hold,8.6514,
2020-09-24,1000000.0,0.0,0,0,0.0,hold,8.8034,
2020-09-25,1000000.0,0.0,0,0,0.0,hold,9.5144,
2020-09-28,1000000.0,0.0,0,0,0.0,hold,10.2578,
2020-09-29,1000000.0,0.0,0,0,0.0,hold,9.8836,
2020-09-30,1000000.0,0.0,0,0,0.0,hold,9.438,
2020-10-01,1000000.0,0.0,0,0,0.0,hold,9.2972,
2020-10-02,1000000.0,0.0,0,0,0.0,hold,9.598,
2020-10-05,1000000.0,0.0,0,0,0.0,hold,10.081,
2020-10-06,1000000.0,0.0,0,0,0.0,hold,10.5532,
2020-10-07,1000000.0,0.0,0,0,0.0,hold,9.9264,
2020-10-08,1000000.0,0.0,0,0,0.0,hold,9.987,
2020-10-09,1000000.0,0.0,0,0,0.0,hold,9.7958,
2020-10-12,1000000.0,0.0,0,0,0.0,hold,9.689,
2020-10-13,1000000.0,0.0,0,0,0.0,hold,9.2816,
2020-10-14,1000000.0,0.0,0,0,0.0,hold,9.1738,
2020-10-15,1000000.0,0.0,0,0,0.0,hold,8.7218,
2020-10-16,1000000.0,0.0,0,0,0.0,hold,8.3538,
2020-10-19,1000000.0,0.0,0,0,0.0,hold,7.9278,
2020-10-20,1000000.0,0.0,0,0,0.0,hold,8.2302,
2020-10-21,1000000.0,0.0,0,0,0.0,hold,7.857,
2020-10-22,1000000.0,0.0,0,0,0.0,hold,8.0366,
2020-10-23,1000000.0,0.0,0,0,0.0,hold,8.1574,
2020-10-26,1000000.0,0.0,0,0,0.0,hold,8.27,
2020-10-27,1000000.0,0.0,0,0,0.0,hold,8.653,
2020-10-28,1000000.0,0.0,0,0,0.0,hold,8.488,
2020-10-29,1000000.0,0.0,0,0,0.0,hold,8.5096,
2020-10-30,1000000.0,0.0,0,0,0.0,hold,8.7342,
2020-11-02,1000000.0,0.0,0,0,0.0,hold,8.2182,
2020-11-03,1000000.0,0.0,0,0,0.0,hold,8.2726,
2020-11-04,1000000.0,0.0,0,0,0.0,hold,8.3058,
2020-11-05,1000000.0,0.0,0,0,0.0,hold,8.8296,
2020-11-06,1000000.0,0.0,0,0,0.0,hold,9.2196,
2020-11-09,1000000.0,0.0,0,0,0.0,hold,9.2434,
2020-11-10,1000000.0,0.0,0,0,0.0,hold,9.6098,
2020-11-11,1000000.0,0.0,0,0,0.0,hold,8.9164,
2020-11-12,1000000.0,0.0,0,0,0.0,hold,8.545,
2020-11-13,1000000.0,0.0,0,0,0.0,hold,8.24,
2020-11-16,1000000.0,0.0,0,0,0.0,hold,7.975,
2020-11-17,1000000.0,0.0,0,0,0.0,hold,8.207,
2020-11-18,1000000.0,0.0,0,0,0.0,hold,8.4372,
2020-11-19,1000000.0,0.0,0,0,0.0,hold,8.5998,
2020-11-20,1000000.0,0.0,0,0,0.0,hold,8.7638,
2020-11-23,1000000.0,0.0,0,0,0.0,hold,8.999,
2020-11-24,1000000.0,0.0,0,0,0.0,hold,9.3526,
2020-11-25,1000000.0,0.0,0,0,0.0,hold,9.7524,
2020-11-27,1000000.0,0.0,0,0,0.0,hold,9.693,
2020-11-30,1000000.0,0.0,0,0,0.0,hold,8.6118,
2020-12-01,1000000.0,0.0,0,0,0.0,hold,8.4834,
2020-12-02,1000000.0,0.0,0,0,0.0,hold,8.564,
2020-12-03,1000000.0,0.0,0,0,0.0,hold,9.1938,
2020-12-04,1000000.0,0.0,0,0,0.0,hold,8.9,
2020-12-07,1000000.0,0.0,0,0,0.0,hold,8.9912,
2020-12-08,1000000.0,0.0,0,0,0.0,hold,9.259,
2020-12-09,1000000.0,0.0,0,0,0.0,hold,9.7898,
2020-12-10,1000000.0,0.0,0,0,0.0,hold,10.1846,
2020-12-11,1000000.0,0.0,0,0,0.0,hold,10.1622,
2020-12-14,1000000.0,0.0,0,0,0.0,hold,10.3064,
2020-12-15,1000000.0,0.0,0,0,0.0,hold,10.032,
2020-12-16,1000000.0,0.0,0,0,0.0,hold,10.7518,
2020-12-17,1000000.0,0.0,0,0,0.0,hold,11.4396,
2020-12-18,1000000.0,0.0,0,0,0.0,hold,11.1588,
2020-12-21,1000000.0,0.0,0,0,0.0,hold,11.0348,
2020-12-22,1000000.0,0.0,0,0,0.0,hold,10.9484,
2020-12-23,1000000.0,0.0,0,0,0.0,hold,11.541,
2020-12-24,1000000.0,0.0,0,0,0.0,hold,11.2392,
2020-12-28,1000000.0,0.0,0,0,0.0,hold,11.3816,
2020-12-29,1000000.0,0.0,0,0,0.0,hold,11.6764,
2020-12-30,1000000.0,0.0,0,0,0.0,hold,11.9932,
2020-12-31,1000000.0,0.0,0,0,0.0,hold,11.5834,
2021-01-04,1000000.0,0.0,0,0,0.0,hold,11.2892,
2021-01-05,1000000.0,0.0,0,0,0.0,hold,11.9934,
2021-01-06,1000000.0,0.0,0,0,0.0,hold,12.0718,
2021-01-07,1000000.0,0.0,0,0,0.0,hold,12.219,
2021-01-08,1000000.0,0.0,0,0,0.0,hold,13.0574,
2021-01-11,1000000.0,0.0,0,0,0.0,hold,12.3614,
2021-01-12,1000000.0,0.0,0,0,0.0,hold,12.6278,
2021-01-13,1000000.0,0.0,0,0,0.0,hold,12.841,
2021-01-14,1000000.0,0.0,0,0,0.0,hold,12.6108,
2021-01-15,1000000.0,0.0,0,0,0.0,hold,12.7358,
2021-01-19,1000000.0,0.0,0,0,0.0,hold,12.4686,
2021-01-20,1000000.0,0.0,0,0,0.0,hold,12.3948,
2021-01-21,1000000.0,0.0,0,0,0.0,hold,12.6196,
2021-01-22,1000000.0,0.0,0,0,0.0,hold,13.1576,
2021-01-25,1000000.0,0.0,0,0,0.0,hold,13.2554,0.7258
2021-01-26,1000000.0,0.0,0,0,0.0,hold,14.0272,2.127
2021-01-27,998740.0,0.0,-1,24000,0.0,enter,13.8334,1.4371
2021-01-28,985021.64,-13718.36,-1,24000,0.0,hold,14.405,2.131
2021-01-29,989087.28,4065.65,-1,24000,0.0,hold,14.2356,1.5599
2021-02-01,993555.97,4948.69,-1,24000,480.0,hold,14.0294,0.9084
2021-02-02,995883.97,2327.99,-1,24000,0.0,hold,13.9324,0.632
2021-02-03,990954.42,-4929.55,-1,24000,0.0,hold,14.1378,0.8911
2021-02-04,1003108.07,12153.65,-1,24000,0.0,hold,13.6314,-0.1225
2021-02-05,1009268.8,7420.74,0,0,0.0,exit,13.3222,-0.7635
2021-02-08,1009268.8,0.0,0,0,0.0,hold,13.3936,-0.8476
2021-02-09,1009268.8,0.0,0,0,0.0,hold,13.0946,-1.4142
2021-02-10,1009268.8,0.0,0,0,0.0,hold,12.2692,-2.5655
2021-02-11,1007903.8,0.0,1,26000,0.0,enter,12.39,-2.1695
2021-02-12,1016473.38,8569.57,1,26000,0.0,hold,12.7196,-1.6226
2021-02-16,1075576.61,59103.24,1,26000,0.0,hold,14.9928,1.3769
2021-02-17,1081725.66,7514.04,0,0,0.0,exit,15.2818,1.6051
2021-02-18,1081725.66,0.0,0,0,0.0,hold,15.43,1.6068
2021-02-19,1081725.66,0.0,0,0,0.0,hold,16.8738,2.8559
2021-02-22,1080938.16,0.0,-1,15000,0.0,enter,16.098,1.6592
2021-02-23,1074566.08,-6372.08,-1,15000,0.0,hold,16.5228,1.8942
2021-02-24,1073813.15,-752.93,-1,15000,0.0,hold,16.573,1.7299
2021-02-25,1080206.1,6392.95,-1,15000,0.0,hold,16.1468,1.1915
2021-02-26,1066703.12,-13502.97,-1,15000,0.0,hold,17.047,1.8173
2021-03-01,1033658.13,-32745.0,-1,15000,300.0,hold,19.23,2.939
2021-03-02,1025369.1,-8289.03,-1,15000,0.0,hold,19.7826,2.7432
2021-03-03,1036055.1,10686.0,-1,15000,0.0,hold,19.0702,2.0184
2021-03-04,1042280.14,6225.04,-1,15000,0.0,hold,18.6552,1.6029
2021-03-05,1038044.11,-4236.03,-1,15000,0.0,hold,18.9376,1.6001
2021-03-08,1036619.14,-1424.98,-1,15000,0.0,hold,19.0326,1.4645
2021-03-09,1020641.16,-15977.98,-1,15000,0.0,hold,20.0978,1.8272
2021-03-10,1012685.18,-7955.98,-1,15000,0.0,hold,20.6282,1.8732
2021-03-11,1002974.05,-9711.12,-1,15000,0.0,hold,21.2756,1.9415
2021-03-12,990083.09,-12890.96,-1,15000,0.0,hold,22.135,2.053
2021-03-15,1009757.13,19674.04,-1,15000,0.0,hold,20.8234,1.3562
2021-03-16,1005737.11,-4020.02,-1,15000,0.0,hold,21.0914,1.3447
2021-03-17,1031045.06,25307.95,-1,15000,0.0,hold,19.4042,0.6212
2021-03-18,1030904.12,-140.94,-1,15000,0.0,hold,19.4136,0.5677
2021-03-19,1044623.11,13718.99,-1,15000,0.0,hold,18.499,0.1527
2021-03-22,1037301.6,-6534.01,0,0,0.0,exit,18.9346,0.2434
2021-03-23,1037301.6,0.0,0,0,0.0,hold,19.8238,0.5499
2021-03-24,1037301.6,0.0,0,0,0.0,hold,20.0704,0.591
2021-03-25,1037301.6,0.0,0,0,0.0,hold,19.6944,0.3533
2021-03-26,1037301.6,0.0,0,0,0.0,hold,19.4544,0.1499
2021-03-29,1037301.6,0.0,0,0,0.0,hold,19.6428,0.1254
2021-03-30,1037301.6,0.0,0,0,0.0,hold,20.1908,0.3998
2021-03-31,1037301.6,0.0,0,0,0.0,hold,20.3306,0.4221
2021-04-01,1037301.6,0.0,0,0,0.0,hold,20.8168,0.7025
2021-04-05,1037301.6,0.0,0,0,0.0,hold,21.0744,0.7626
2021-04-06,1037301.6,0.0,0,0,0.0,hold,20.8438,0.5156
2021-04-07,1037301.6,0.0,0,0,0.0,hold,20.191,-0.1081
2021-04-08,1037301.6,0.0,0,0,0.0,hold,20.5976,0.1656
2021-04-09,1037301.6,0.0,0,0,0.0,hold,20.9252,0.4044
2021-04-12,1037301.6,0.0,0,0,0.0,hold,20.772,0.092
2021-04-13,1037301.6,0.0,0,0,0.0,hold,20.5426,-0.209
2021-04-14,1037301.6,0.0,0,0,0.0,hold,20.304,-0.4891
2021-04-15,1037301.6,0.0,0,0,0.0,hold,20.575,-0.1901
2021-04-16,1037301.6,0.0,0,0,0.0,hold,20.527,-0.2979
2021-04-19,1037301.6,0.0,0,0,0.0,hold,20.361,-0.5718
2021-04-20,1037301.6,0.0,0,0,0.0,hold,20.3686,-0.5882
2021-04-21,1037301.6,0.0,0,0,0.0,hold,20.137,-0.8404
2021-04-22,1037301.6,0.0,0,0,0.0,hold,19.9128,-1.063
2021-04-23,1037301.6,0.0,0,0,0.0,hold,19.9686,-0.9682
2021-04-26,1037301.6,0.0,0,0,0.0,hold,19.7898,-1.3746
2021-04-27,1037301.6,0.0,0,0,0.0,hold,20.311,-0.4791
2021-04-28,1037301.6,0.0,0,0,0.0,hold,21.302,1.4823
2021-04-29,1037301.6,0.0,0,0,0.0,hold,21.2468,1.2623
2021-04-30,1037301.6,0.0,0,0,0.0,hold,21.2698,1.2049
2021-05-03,1037301.6,0.0,0,0,0.0,hold,21.6786,1.8711
2021-05-04,1037301.6,0.0,0,0,0.0,hold,22.5268,2.9695
2021-05-05,1035831.6,0.0,-1,28000,0.0,enter,22.6414,2.6437
2021-05-06,1044646.08,8814.49,-1,28000,0.0,hold,22.3266,1.9413
2021-05-07,1031346.1,-13299.98,-1,28000,0.0,hold,22.8016,2.2747
2021-05-10,1024458.08,-6888.02,-1,28000,0.0,hold,23.0476,2.2718
2021-05-11,1019602.89,-4855.18,-1,28000,0.0,hold,23.221,2.189
2021-05-12,1014562.91,-5039.98,-1,28000,0.0,hold,23.401,2.1106
2021-05-13,1029682.87,15119.96,-1,28000,0.0,hold,22.861,1.4471
2021-05-14,1034706.1,5023.23,-1,28000,0.0,hold,22.6816,1.1998
2021-05-17,1025566.82,-9139.27,-1,28000,0.0,hold,23.008,1.4199
2021-05-18,1003256.28,-22310.54,-1,28000,0.0,hold,23.8048,1.9344
2021-05-19,1009119.64,5863.35,-1,28000,0.0,hold,23.5954,1.6143
2021-05-20,1032141.25,23021.61,-1,28000,0.0,hold,22.7732,0.8861
2021-05-21,1048952.5,16811.25,-1,28000,0.0,hold,22.1728,0.3776
2021-05-24,1056980.04,9497.55,0,0,0.0,exit,21.8336,0.1011
2021-05-25,1056980.04,0.0,0,0,0.0,hold,21.71,-0.0181
2021-05-26,1056980.04,0.0,0,0,0.0,hold,22.6256,0.6972
2021-05-27,1056980.04,0.0,0,0,0.0,hold,22.19,0.3054
2021-05-28,1056980.04,0.0,0,0,0.0,hold,22.2286,0.3089
2021-06-01,1056980.04,0.0,0,0,0.0,hold,22.0522,0.1624
2021-06-02,1056980.04,0.0,0,0,0.0,hold,22.1042,0.1763
2021-06-03,1056980.04,0.0,0,0,0.0,hold,22.2642,0.2854
2021-06-04,1056980.04,0.0,0,0,0.0,hold,21.9806,-0.0432
2021-06-07,1056980.04,0.0,0,0,0.0,hold,21.7952,-0.2722
2021-06-08,1056980.04,0.0,0,0,0.0,hold,21.972,-0.1621
2021-06-09,1056980.04,0.0,0,0,0.0,hold,21.523,-0.929
2021-06-10,1056980.04,0.0,0,0,0.0,hold,21.6592,-0.7475
2021-06-11,1056980.04,0.0,0,0,0.0,hold,19.9906,-2.9829
2021-06-14,1056035.04,0.0,1,18000,0.0,enter,19.476,-3.0488
2021-06-15,1033538.55,-22496.5,1,18000,0.0,hold,18.2262,-3.4255
2021-06-16,1023548.53,-9990.01,1,18000,0.0,hold,17.6712,-3.0844
2021-06-17,1023217.46,-331.07,1,18000,0.0,hold,17.6528,-2.591
2021-06-18,1036256.56,13039.1,1,18000,0.0,hold,18.3772,-1.8764
2021-06-21,1022778.09,-13478.47,1,18000,0.0,hold,17.6284,-2.0444
2021-06-22,1053486.2,30708.11,1,18000,0.0,hold,19.3344,-0.957
2021-06-23,1076713.39,23227.19,1,18000,0.0,hold,20.6248,-0.1486
2021-06-24,1079595.17,3826.78,0,0,0.0,exit,20.8374,0.0333
2021-06-25,1079595.17,0.0,0,0,0.0,hold,19.4294,-0.7517
2021-06-28,1079595.17,0.0,0,0,0.0,hold,18.8096,-1.0027
2021-06-29,1079595.17,0.0,0,0,0.0,hold,19.4186,-0.5668
2021-06-30,1079595.17,0.0,0,0,0.0,hold,19.175,-0.6451
2021-07-01,1079595.17,0.0,0,0,0.0,hold,18.4496,-1.0278
2021-07-02,1079595.17,0.0,0,0,0.0,hold,19.7418,-0.1102
2021-07-06,1079595.17,0.0,0,0,0.0,hold,18.4882,-0.8076
2021-07-07,1079595.17,0.0,0,0,0.0,hold,18.8154,-0.5193
2021-07-08,1079595.17,0.0,0,0,0.0,hold,19.8912,0.2599
2021-07-09,1079595.17,0.0,0,0,0.0,hold,19.7888,0.2632
2021-07-12,1079595.17,0.0,0,0,0.0,hold,19.7588,0.3598
2021-07-13,1079595.17,0.0,0,0,0.0,hold,20.244,0.7748
2021-07-14,1079595.17,0.0,0,0,0.0,hold,21.097,1.4182
2021-07-15,1079595.17,0.0,0,0,0.0,hold,20.9348,1.3214
2021-07-16,1079595.17,0.0,0,0,0.0,hold,20.877,1.3152
2021-07-19,1079595.17,0.0,0,0,0.0,hold,20.464,1.107
2021-07-20,1079595.17,0.0,0,0,0.0,hold,20.4398,1.1184
2021-07-21,1079595.17,0.0,0,0,0.0,hold,20.9856,1.5208
2021-07-22,1079595.17,0.0,0,0,0.0,hold,21.596,1.8627
2021-07-23,1079595.17,0.0,0,0,0.0,hold,21.961,1.9829
2021-07-26,1079595.17,0.0,0,0,0.0,hold,22.8364,2.2931
2021-07-27,1078702.67,0.0,-1,17000,0.0,enter,23.1594,2.2008
2021-07-28,1091211.31,12508.64,-1,17000,0.0,hold,22.4236,1.6832
2021-07-29,1083608.94,-7602.36,-1,17000,0.0,hold,22.8708,1.7992
2021-07-30,1079936.78,-3672.16,-1,17000,0.0,hold,23.0868,1.7999
2021-08-02,1092414.94,12818.16,-1,17000,340.0,hold,22.3328,1.3842
2021-08-03,1084608.34,-7806.59,-1,17000,0.0,hold,22.792,1.5591
2021-08-04,1065986.66,-18621.68,-1,17000,0.0,hold,23.8874,1.9501
2021-08-05,1053430.43,-12556.23,-1,17000,0.0,hold,24.626,2.0768
2021-08-06,1062436.96,9006.53,-1,17000,0.0,hold,24.0962,1.6884
2021-08-09,1052447.86,-9989.11,-1,17000,0.0,hold,24.6838,1.8247
2021-08-10,1058394.47,5946.61,-1,17000,0.0,hold,24.334,1.5746
2021-08-11,1052294.82,-6099.65,-1,17000,0.0,hold,24.6928,1.6082
2021-08-12,1062783.82,10489.0,-1,17000,0.0,hold,24.0758,1.287
2021-08-13,1064014.72,1230.9,-1,17000,0.0,hold,24.0034,1.2098
2021-08-16,1080878.61,16863.89,-1,17000,0.0,hold,23.0114,0.7911
2021-08-17,1088684.97,7806.36,-1,17000,0.0,hold,22.5522,0.5631
2021-08-18,1081541.6,-7143.37,-1,17000,0.0,hold,22.9724,0.7287
2021-08-19,1095386.39,13844.79,-1,17000,0.0,hold,22.158,0.3018
2021-08-20,1113234.68,18740.78,0,0,0.0,exit,21.0556,-0.3077
2021-08-23,1113234.68,0.0,0,0,0.0,hold,21.881,0.148
2021-08-24,1113234.68,0.0,0,0,0.0,hold,22.4576,0.4557
2021-08-25,1113234.68,0.0,0,0,0.0,hold,25.7172,2.2225
2021-08-26,1112657.18,0.0,-1,11000,0.0,enter,24.896,1.6507
2021-08-27,1117382.76,4725.59,-1,11000,0.0,hold,24.4664,1.3497
2021-08-30,1105905.35,-11477.41,-1,11000,0.0,hold,25.5098,1.9156
2021-08-31,1108798.39,2893.04,-1,11000,0.0,hold,25.2468,1.7099
2021-09-01,1162775.35,54196.96,-1,11000,220.0,hold,20.3198,-1.3633
2021-09-02,1155421.82,-6776.03,0,0,0.0,exit,20.9358,-1.002
2021-09-03,1155421.82,0.0,0,0,0.0,hold,21.2536,-0.8128
2021-09-07,1155421.82,0.0,0,0,0.0,hold,20.9924,-0.8824
2021-09-08,1155421.82,0.0,0,0,0.0,hold,20.3084,-1.2694
2021-09-09,1155421.82,0.0,0,0,0.0,hold,20.2434,-1.2672
2021-09-10,1155421.82,0.0,0,0,0.0,hold,20.636,-0.9666
2021-09-13,1155421.82,0.0,0,0,0.0,hold,20.2714,-1.0933
2021-09-14,1155421.82,0.0,0,0,0.0,hold,20.6254,-0.8456
2021-09-15,1155421.82,0.0,0,0,0.0,hold,20.049,-1.1519
2021-09-16,1155421.82,0.0,0,0,0.0,hold,19.4176,-1.4189
2021-09-17,1155421.82,0.0,0,0,0.0,hold,19.7538,-1.1141
2021-09-20,1155421.82,0.0,0,0,0.0,hold,19.1616,-1.3094
2021-09-21,1155421.82,0.0,0,0,0.0,hold,18.8188,-1.3823
2021-09-22,1155421.82,0.0,0,0,0.0,hold,18.2016,-1.5776
2021-09-23,1155421.82,0.0,0,0,0.0,hold,18.9894,-1.0514
2021-09-24,1155421.82,0.0,0,0,0.0,hold,19.0094,-0.9569
2021-09-27,1155421.82,0.0,0,0,0.0,hold,18.9576,-0.8745
2021-09-28,1155421.82,0.0,0,0,0.0,hold,18.4092,-1.0877
2021-09-29,1155421.82,0.0,0,0,0.0,hold,19.8954,-0.2459
2021-09-30,1155421.82,0.0,0,0,0.0,hold,20.8546,0.3013
2021-10-01,1155421.82,0.0,0,0,0.0,hold,20.4778,0.1123
2021-10-04,1155421.82,0.0,0,0,0.0,hold,21.1304,0.4806
2021-10-05,1155421.82,0.0,0,0,0.0,hold,22.0016,0.9252
2021-10-06,1155421.82,0.0,0,0,0.0,hold,21.3876,0.5985
2021-10-07,1155421.82,0.0,0,0,0.0,hold,21.4976,0.7767
2021-10-08,1155421.82,0.0,0,0,0.0,hold,21.5354,0.8961
2021-10-11,1155421.82,0.0,0,0,0.0,hold,21.2712,0.8508
2021-10-12,1155421.82,0.0,0,0,0.0,hold,21.2212,1.0185
2021-10-13,1155421.82,0.0,0,0,0.0,hold,22.2094,2.0076
2021-10-14,1154476.82,0.0,-1,18000,0.0,enter,22.7296,2.1574
2021-10-15,1142931.67,-11545.15,-1,18000,0.0,hold,23.371,2.305
2021-10-18,1151884.89,8953.22,-1,18000,0.0,hold,22.8736,1.8192
2021-10-19,1163941.17,12056.28,-1,18000,0.0,hold,22.2038,1.3111
2021-10-20,1155776.51,-8164.66,-1,18000,0.0,hold,22.6574,1.4756
2021-10-21,1156266.08,489.58,-1,18000,0.0,hold,22.6302,1.3609
2021-10-22,1180508.48,24242.4,-1,18000,0.0,hold,21.2834,0.5537
2021-10-25,1156820.46,-23688.03,-1,18000,0.0,hold,22.5994,1.2436
2021-10-26,1169362.87,12542.41,-1,18000,0.0,hold,21.9026,0.8058
2021-10-27,1183111.21,13748.34,-1,18000,0.0,hold,21.1388,0.3471
2021-10-28,1191846.61,9680.4,0,0,0.0,exit,20.601,0.0075
2021-10-29,1191846.61,0.0,0,0,0.0,hold,20.3156,-0.1857
2021-11-01,1191846.61,0.0,0,0,0.0,hold,18.4538,-1.2828
2021-11-02,1191846.61,0.0,0,0,0.0,hold,19.8076,-0.5324
2021-11-03,1191846.61,0.0,0,0,0.0,hold,18.701,-1.3021
2021-11-04,1191846.61,0.0,0,0,0.0,hold,19.0752,-1.1048
2021-11-05,1191846.61,0.0,0,0,0.0,hold,18.0936,-1.743
2021-11-08,1191846.61,0.0,0,0,0.0,hold,17.631,-1.9781
2021-11-09,1191846.61,0.0,0,0,0.0,hold,17.469,-2.0494
2021-11-10,1191111.61,0.0,1,14000,0.0,enter,17.311,-1.9835
2021-11-11,1194706.82,3595.21,1,14000,0.0,hold,17.5678,-1.6851
2021-11-12,1194891.55,184.73,1,14000,0.0,hold,17.581,-1.5646
2021-11-15,1199354.77,4463.22,1,14000,0.0,hold,17.8998,-1.3047
2021-11-16,1215656.34,16301.57,1,14000,0.0,hold,19.0642,-0.6481
2021-11-17,1209017.5,-6638.84,1,14000,0.0,hold,18.59,-0.85
2021-11-18,1209247.18,229.68,1,14000,0.0,hold,18.6064,-0.795
2021-11-19,1199928.79,-9318.38,1,14000,0.0,hold,17.9408,-1.0705
2021-11-22,1216034.4,16105.6,1,14000,0.0,hold,19.0912,-0.464
2021-11-23,1232527.73,17228.34,0,0,0.0,exit,20.3218,0.1711
2021-11-24,1232527.73,0.0,0,0,0.0,hold,19.9236,-0.0027
2021-11-26,1232527.73,0.0,0,0,0.0,hold,17.9962,-0.9592
2021-11-29,1232527.73,0.0,0,0,0.0,hold,18.3382,-0.7502
2021-11-30,1232527.73,0.0,0,0,0.0,hold,18.156,-0.8108
2021-12-01,1232527.73,0.0,0,0,0.0,hold,18.1402,-0.776
2021-12-02,1232527.73,0.0,0,0,0.0,hold,18.0432,-0.8007
2021-12-03,1232527.73,0.0,0,0,0.0,hold,17.7988,-0.9367
2021-12-06,1232527.73,0.0,0,0,0.0,hold,18.1192,-0.6983
2021-12-07,1232527.73,0.0,0,0,0.0,hold,17.8944,-0.8697
2021-12-08,1232527.73,0.0,0,0,0.0,hold,19.4562,0.5747
2021-12-09,1232527.73,0.0,0,0,0.0,hold,20.1594,1.3841
2021-12-10,1232527.73,0.0,0,0,0.0,hold,19.694,0.9816
2021-12-13,1232527.73,0.0,0,0,0.0,hold,19.2312,0.4702
2021-12-14,1232527.73,0.0,0,0,0.0,hold,19.43,0.6544
2021-12-15,1232527.73,0.0,0,0,0.0,hold,19.7856,1.101
2021-12-16,1232527.73,0.0,0,0,0.0,hold,20.3266,1.6141
2021-12-17,1232527.73,0.0,0,0,0.0,hold,19.6262,0.753
2021-12-20,1232527.73,0.0,0,0,0.0,hold,20.712,1.7585
2021-12-21,1232527.73,0.0,0,0,0.0,hold,20.7508,1.6262
2021-12-22,1232527.73,0.0,0,0,0.0,hold,20.2532,0.9895
2021-12-23,1232527.73,0.0,0,0,0.0,hold,20.6204,1.2792
2021-12-27,1232527.73,0.0,0,0,0.0,hold,19.9282,0.3271
2021-12-28,1232527.73,0.0,0,0,0.0,hold,20.1384,0.4811
2021-12-29,1232527.73,0.0,0,0,0.0,hold,20.3368,0.6265
2021-12-30,1232527.73,0.0,0,0,0.0,hold,20.863,1.1559
2021-12-31,1232527.73,0.0,0,0,0.0,hold,19.8094,-0.1358
2022-01-03,1232527.73,0.0,0,0,0.0,hold,20.1056,-1.24
2022-01-04,1232527.73,0.0,0,0,0.0,hold,20.4794,-0.8557
2022-01-05,1232527.73,0.0,0,0,0.0,hold,20.5742,-0.733
2022-01-06,1232527.73,0.0,0,0,0.0,hold,19.7482,-1.597
2022-01-07,1232527.73,0.0,0,0,0.0,hold,20.2144,-1.0152
2022-01-10,1232527.73,0.0,0,0,0.0,hold,20.3076,-0.9874
2022-01-11,1232527.73,0.0,0,0,0.0,hold,20.6776,-0.59
2022-01-12,1232527.73,0.0,0,0,0.0,hold,20.6212,-0.6957
2022-01-13,1232527.73,0.0,0,0,0.0,hold,21.1538,-0.1321
2022-01-14,1232527.73,0.0,0,0,0.0,hold,20.7922,-0.6214
2022-01-18,1232527.73,0.0,0,0,0.0,hold,20.0964,-1.5805
2022-01-19,1232527.73,0.0,0,0,0.0,hold,19.5282,-2.1252
2022-01-20,1231267.73,0.0,1,24000,0.0,enter,19.4468,-2.106
2022-01-21,1266720.66,35452.93,1,24000,0.0,hold,20.924,-0.5141
2022-01-24,1259367.09,-7353.57,1,24000,0.0,hold,20.6176,-0.8756
2022-01-25,1259746.36,379.27,1,24000,0.0,hold,20.6334,-0.8343
2022-01-26,1285517.55,25771.19,1,24000,0.0,hold,21.7072,0.2914
2022-01-27,1317708.62,33451.07,0,0,0.0,exit,23.101,1.6389
2022-01-28,1317708.62,0.0,0,0,0.0,hold,23.3614,1.7458
2022-01-31,1317708.62,0.0,0,0,0.0,hold,21.9992,0.3494
2022-02-01,1317708.62,0.0,0,0,0.0,hold,22.2824,0.5921
2022-02-02,1317708.62,0.0,0,0,0.0,hold,23.5006,1.7273
2022-02-03,1317708.62,0.0,0,0,0.0,hold,23.4786,1.6383
2022-02-04,1317708.62,0.0,0,0,0.0,hold,22.9394,1.0702
2022-02-07,1317708.62,0.0,0,0,0.0,hold,23.844,1.7528
2022-02-08,1317708.62,0.0,0,0,0.0,hold,23.2392,1.112
2022-02-09,1317708.62,0.0,0,0,0.0,hold,24.1838,1.782
2022-02-10,1317708.62,0.0,0,0,0.0,hold,24.332,1.7405
2022-02-11,1317708.62,0.0,0,0,0.0,hold,24.3334,1.6247
2022-02-14,1317708.62,0.0,0,0,0.0,hold,23.8284,1.0825
2022-02-15,1317708.62,0.0,0,0,0.0,hold,22.6978,0.1565
2022-02-16,1317708.62,0.0,0,0,0.0,hold,21.3038,-0.9327
2022-02-17,1317708.62,0.0,0,0,0.0,hold,21.4076,-0.8625
2022-02-18,1317708.62,0.0,0,0,0.0,hold,22.6198,-0.007
2022-02-22,1317708.62,0.0,0,0,0.0,hold,23.0156,0.1521
2022-02-23,1317708.62,0.0,0,0,0.0,hold,23.8172,0.7059
2022-02-24,1317708.62,0.0,0,0,0.0,hold,25.3346,1.7169
2022-02-25,1317708.62,0.0,0,0,0.0,hold,24.6674,1.1028
2022-02-28,1317708.62,0.0,0,0,0.0,hold,24.7836,1.0356
2022-03-01,1317708.62,0.0,0,0,0.0,hold,27.189,2.4074
2022-03-02,1317183.62,0.0,-1,10000,0.0,enter,30.9582,3.5803
2022-03-03,1293357.6,-23826.01,-1,10000,0.0,hold,33.3408,3.5422
2022-03-04,1262563.66,-30793.94,-1,10000,0.0,hold,36.4202,3.5167
2022-03-07,1271567.67,9004.01,-1,10000,0.0,hold,35.5198,2.6797
2022-03-08,1211415.56,-60152.11,-1,10000,0.0,hold,41.535,3.2737
2022-03-09,1306499.58,95084.01,-1,10000,0.0,hold,32.0266,1.1561
2022-03-10,1341621.62,35122.04,-1,10000,0.0,hold,28.5144,0.3731
2022-03-11,1313688.68,-27407.94,0,0,0.0,exit,31.2552,0.8903
2022-03-14,1313688.68,0.0,0,0,0.0,hold,31.5874,0.8807
2022-03-15,1313688.68,0.0,0,0,0.0,hold,29.9226,0.4865
2022-03-16,1313688.68,0.0,0,0,0.0,hold,32.0114,0.8571
2022-03-17,1313688.68,0.0,0,0,0.0,hold,35.9084,1.5297
2022-03-18,1313688.68,0.0,0,0,0.0,hold,36.3598,1.4869
2022-03-21,1313688.68,0.0,0,0,0.0,hold,35.4974,1.2091
2022-03-22,1313688.68,0.0,0,0,0.0,hold,35.5984,1.1401
2022-03-23,1313688.68,0.0,0,0,0.0,hold,38.9608,1.6228
2022-03-24,1313688.68,0.0,0,0,0.0,hold,40.7192,1.7609
2022-03-25,1313688.68,0.0,0,0,0.0,hold,40.8644,1.6306
2022-03-28,1313688.68,0.0,0,0,0.0,hold,37.134,0.9235
2022-03-29,1313688.68,0.0,0,0,0.0,hold,37.4778,0.9122
2022-03-30,1313688.68,0.0,0,0,0.0,hold,38.599,1.0275
2022-03-31,1313688.68,0.0,0,0,0.0,hold,40.7056,1.3051
2022-04-01,1313688.68,0.0,0,0,0.0,hold,36.964,0.5991
2022-04-04,1313688.68,0.0,0,0,0.0,hold,35.9122,0.3347
2022-04-05,1313688.68,0.0,0,0,0.0,hold,35.212,0.1323
2022-04-06,1313688.68,0.0,0,0,0.0,hold,35.8964,0.2085
2022-04-07,1313688.68,0.0,0,0,0.0,hold,34.8336,-0.0994
2022-04-08,1313688.68,0.0,0,0,0.0,hold,35.8712,0.0676
2022-04-11,1313688.68,0.0,0,0,0.0,hold,35.5446,-0.1355
2022-04-12,1313688.68,0.0,0,0,0.0,hold,36.208,-0.0268
2022-04-13,1313688.68,0.0,0,0,0.0,hold,39.964,1.0823
2022-04-14,1313688.68,0.0,0,0,0.0,hold,41.6964,1.4978
2022-04-18,1313688.68,0.0,0,0,0.0,hold,40.848,1.1462
2022-04-19,1313688.68,0.0,0,0,0.0,hold,42.4338,1.4972
2022-04-20,1313688.68,0.0,0,0,0.0,hold,44.8478,2.0964
2022-04-21,1313321.18,0.0,-1,7000,0.0,enter,44.302,1.768
2022-04-22,1304162.33,-9158.84,-1,7000,0.0,hold,45.6104,1.9904
2022-04-25,1277306.17,-26856.16,-1,7000,0.0,hold,49.447,2.6009
2022-04-26,1243076.16,-34230.01,-1,7000,0.0,hold,54.337,3.0733
2022-04-27,1202117.69,-40958.47,-1,7000,0.0,hold,60.1882,3.3539
2022-04-28,1171019.56,-31098.13,-1,7000,0.0,hold,64.6308,3.2154
2022-04-29,1207126.96,36107.4,-1,7000,0.0,hold,59.4726,2.1875
2022-05-02,1259425.38,52438.43,-1,7000,140.0,hold,51.9814,1.1358
2022-05-03,1253825.41,-5599.97,-1,7000,0.0,hold,52.7814,1.1518
2022-05-04,1250808.36,-3017.05,-1,7000,0.0,hold,53.2124,1.1234
2022-05-05,1267962.59,17154.23,-1,7000,0.0,hold,50.7618,0.7699
2022-05-06,1267399.73,-562.86,-1,7000,0.0,hold,50.8422,0.7352
2022-05-09,1255292.53,-12107.2,-1,7000,0.0,hold,52.5718,0.886
2022-05-10,1242125.56,-13166.97,-1,7000,0.0,hold,54.4528,1.0381
2022-05-11,1253689.57,11564.01,-1,7000,0.0,hold,52.8008,0.7841
2022-05-12,1239254.16,-14435.41,-1,7000,0.0,hold,54.863,0.9631
2022-05-13,1236718.75,-2535.4,-1,7000,0.0,hold,55.2252,0.942
2022-05-16,1251271.71,14552.96,-1,7000,0.0,hold,53.1462,0.642
2022-05-17,1265190.57,13918.86,-1,7000,0.0,hold,51.1578,0.3564
2022-05-18,1301346.24,36523.17,0,0,0.0,exit,45.9402,-0.3394
2022-05-19,1301346.24,0.0,0,0,0.0,hold,48.1656,-0.1089
2022-05-20,1301346.24,0.0,0,0,0.0,hold,46.5534,-0.3943
2022-05-23,1301346.24,0.0,0,0,0.0,hold,48.8088,-0.145
2022-05-24,1301346.24,0.0,0,0,0.0,hold,49.8832,-0.0569
2022-05-25,1301346.24,0.0,0,0,0.0,hold,51.0872,0.0663
2022-05-26,1301346.24,0.0,0,0,0.0,hold,50.0292,-0.1861
2022-05-27,1301346.24,0.0,0,0,0.0,hold,53.413,0.3938
2022-05-31,1301346.24,0.0,0,0,0.0,hold,56.8538,1.0144
2022-06-01,1301346.24,0.0,0,0,0.0,hold,56.751,0.9419
2022-06-02,1301346.24,0.0,0,0,0.0,hold,59.3928,1.4164
2022-06-03,1301346.24,0.0,0,0,0.0,hold,60.1158,1.4844
2022-06-06,1301346.24,0.0,0,0,0.0,hold,59.9454,1.3624
2022-06-07,1301346.24,0.0,0,0,0.0,hold,57.494,0.7645
2022-06-08,1301346.24,0.0,0,0,0.0,hold,56.5034,0.5294
2022-06-09,1301346.24,0.0,0,0,0.0,hold,59.8754,1.2939
2022-06-10,1301346.24,0.0,0,0,0.0,hold,57.2854,0.8615
2022-06-13,1301346.24,0.0,0,0,0.0,hold,52.026,-0.3944
2022-06-14,1301346.24,0.0,0,0,0.0,hold,54.4124,0.2071
2022-06-15,1301346.24,0.0,0,0,0.0,hold,57.3856,0.9281
2022-06-16,1301346.24,0.0,0,0,0.0,hold,57.1706,0.8333
2022-06-17,1301346.24,0.0,0,0,0.0,hold,57.4012,0.8368
2022-06-21,1301346.24,0.0,0,0,0.0,hold,56.6136,0.6039
2022-06-22,1301346.24,0.0,0,0,0.0,hold,62.8292,1.9479
2022-06-23,1301346.24,0.0,0,0,0.0,hold,61.8974,1.596
2022-06-24,1301346.24,0.0,0,0,0.0,hold,62.235,1.5401
2022-06-27,1301346.24,0.0,0,0,0.0,hold,57.0944,0.4252
2022-06-28,1301346.24,0.0,0,0,0.0,hold,57.2144,0.4383
2022-06-29,1301346.24,0.0,0,0,0.0,hold,53.8898,-0.2757
2022-06-30,1301346.24,0.0,0,0,0.0,hold,51.0092,-0.8888
2022-07-01,1301346.24,0.0,0,0,0.0,hold,49.973,-1.1961
2022-07-05,1301346.24,0.0,0,0,0.0,hold,44.1344,-2.3291
2022-07-06,1301136.24,0.0,1,4000,0.0,enter,39.8432,-2.8668
2022-07-07,1319666.62,18530.38,1,4000,0.0,hold,44.4758,-1.8748
2022-07-08,1314361.03,-5305.58,1,4000,0.0,hold,43.1494,-1.9589
2022-07-11,1324183.45,9822.42,1,4000,0.0,hold,45.605,-1.4466
2022-07-12,1329144.27,4960.81,1,4000,0.0,hold,46.8452,-1.2002
2022-07-13,1324028.24,-5116.03,1,4000,0.0,hold,45.5662,-1.3243
2022-07-14,1319931.45,-4096.79,1,4000,0.0,hold,44.542,-1.3766
2022-07-15,1318425.86,-1505.59,1,4000,0.0,hold,44.1656,-1.3296
2022-07-18,1301673.06,-16752.8,1,4000,0.0,hold,39.9774,-1.7724
2022-07-19,1298424.23,-3248.83,1,4000,0.0,hold,39.1652,-1.7242
2022-07-20,1301409.03,2984.8,1,4000,0.0,hold,39.9114,-1.4961
2022-07-21,1310164.24,8755.21,1,4000,0.0,hold,42.1002,-1.1157
2022-07-22,1317430.66,7266.42,1,4000,0.0,hold,43.9168,-0.8125
2022-07-25,1330677.05,13246.39,1,4000,0.0,hold,47.2284,-0.3116
2022-07-26,1338091.83,7624.78,0,0,0.0,exit,49.1346,-0.0114
2022-07-27,1338091.83,0.0,0,0,0.0,hold,50.7886,0.2266
2022-07-28,1338091.83,0.0,0,0,0.0,hold,52.197,0.4362
2022-07-29,1338091.83,0.0,0,0,0.0,hold,49.7926,0.1364
2022-08-01,1338091.83,0.0,0,0,0.0,hold,38.2168,-1.4029
2022-08-02,1338091.83,0.0,0,0,0.0,hold,38.4932,-1.2693
2022-08-03,1338091.83,0.0,0,0,0.0,hold,38.6888,-1.1572
2022-08-04,1338091.83,0.0,0,0,0.0,hold,36.3988,-1.4222
2022-08-05,1338091.83,0.0,0,0,0.0,hold,35.9694,-1.4363
2022-08-08,1338091.83,0.0,0,0,0.0,hold,34.561,-1.6226
2022-08-09,1338091.83,0.0,0,0,0.0,hold,39.0588,-0.8147
2022-08-10,1338091.83,0.0,0,0,0.0,hold,41.7826,-0.2573
2022-08-11,1338091.83,0.0,0,0,0.0,hold,40.438,-0.4659
2022-08-12,1338091.83,0.0,0,0,0.0,hold,42.4472,0.0209
2022-08-15,1338091.83,0.0,0,0,0.0,hold,41.4018,-0.1381
2022-08-16,1338091.83,0.0,0,0,0.0,hold,43.4124,0.3288
2022-08-17,1338091.83,0.0,0,0,0.0,hold,44.6996,0.589
2022-08-18,1338091.83,0.0,0,0,0.0,hold,45.3266,0.7202
2022-08-19,1338091.83,0.0,0,0,0.0,hold,45.527,0.7394
2022-08-22,1338091.83,0.0,0,0,0.0,hold,43.5904,0.3314
2022-08-23,1338091.83,0.0,0,0,0.0,hold,42.1706,0.0429
2022-08-24,1338091.83,0.0,0,0,0.0,hold,39.7144,-0.4788
2022-08-25,1338091.83,0.0,0,0,0.0,hold,41.5062,-0.0452
2022-08-26,1338091.83,0.0,0,0,0.0,hold,42.8828,0.28
2022-08-29,1338091.83,0.0,0,0,0.0,hold,38.3014,-0.7462
2022-08-30,1338091.83,0.0,0,0,0.0,hold,37.2426,-0.9736
2022-08-31,1338091.83,0.0,0,0,0.0,hold,35.4308,-1.3247
2022-09-01,1338091.83,0.0,0,0,0.0,hold,30.0352,-2.2199
2022-09-02,1337829.33,0.0,1,5000,0.0,enter,32.2028,-1.623
2022-09-06,1330807.37,-7021.96,1,5000,0.0,hold,30.7984,-1.707
2022-09-07,1341213.33,10405.96,1,5000,0.0,hold,32.8796,-1.2321
2022-09-08,1335376.37,-5836.96,1,5000,0.0,hold,31.7122,-1.3778
2022-09-09,1334008.35,-1368.02,1,5000,0.0,hold,31.4386,-1.3945
2022-09-12,1332404.35,-1604.0,1,5000,0.0,hold,31.1178,-1.3903
2022-09-13,1335412.38,3008.03,1,5000,0.0,hold,31.7194,-1.1828
2022-09-14,1324368.33,-11044.06,1,5000,0.0,hold,29.5106,-1.5291
2022-09-15,1315697.35,-8670.97,1,5000,0.0,hold,27.7764,-1.7167
2022-09-16,1311538.34,-4159.02,1,5000,0.0,hold,26.9446,-1.7247
2022-09-19,1324895.33,13356.99,1,5000,0.0,hold,29.616,-1.1557
2022-09-20,1333311.36,8416.03,1,5000,0.0,hold,31.2992,-0.829
2022-09-21,1343591.35,10279.99,1,5000,0.0,hold,33.3552,-0.4283
2022-09-22,1350105.88,6777.03,0,0,0.0,exit,34.7106,-0.1481
2022-09-23,1350105.88,0.0,0,0,0.0,hold,33.3034,-0.3645
2022-09-26,1350105.88,0.0,0,0,0.0,hold,33.855,-0.2064
2022-09-27,1350105.88,0.0,0,0,0.0,hold,36.9454,0.3944
2022-09-28,1350105.88,0.0,0,0,0.0,hold,38.3228,0.6966
2022-09-29,1350105.88,0.0,0,0,0.0,hold,36.7872,0.4699
2022-09-30,1350105.88,0.0,0,0,0.0,hold,36.9088,0.5809
2022-10-03,1350105.88,0.0,0,0,0.0,hold,33.8986,0.0349
2022-10-04,1350105.88,0.0,0,0,0.0,hold,38.1052,1.0994
2022-10-05,1350105.88,0.0,0,0,0.0,hold,38.5746,1.2699
2022-10-06,1350105.88,0.0,0,0,0.0,hold,40.7378,1.7393
2022-10-07,1350105.88,0.0,0,0,0.0,hold,40.1906,1.6074
2022-10-10,1350105.88,0.0,0,0,0.0,hold,37.1142,0.9707
2022-10-11,1350105.88,0.0,0,0,0.0,hold,39.2456,1.46
2022-10-12,1350105.88,0.0,0,0,0.0,hold,41.4376,1.8497
2022-10-13,1350105.88,0.0,0,0,0.0,hold,43.9124,2.1523
2022-10-14,1349790.88,0.0,-1,6000,0.0,enter,43.778,1.9266
2022-10-17,1346421.26,-3369.62,-1,6000,0.0,hold,44.3396,1.8578
2022-10-18,1345424.05,-997.21,-1,6000,0.0,hold,44.5058,1.7311
2022-10-19,1352228.09,6804.03,-1,6000,0.0,hold,43.3718,1.4123
2022-10-20,1367937.29,15709.21,-1,6000,0.0,hold,40.7536,0.8863
2022-10-21,1353629.69,-14307.6,-1,6000,0.0,hold,43.1382,1.2306
2022-10-24,1331976.87,-21652.83,-1,6000,0.0,hold,46.747,1.7288
2022-10-25,1301246.08,-30730.79,-1,6000,0.0,hold,51.8688,2.2954
2022-10-26,1306731.28,5485.21,-1,6000,0.0,hold,50.9546,1.9649
2022-10-27,1276942.47,-29788.81,-1,6000,0.0,hold,55.9194,2.4343
2022-10-28,1269366.88,-7575.59,-1,6000,0.0,hold,57.182,2.3729
2022-10-31,1307405.68,38038.8,-1,6000,0.0,hold,50.8422,1.4134
2022-11-01,1402510.47,95224.79,-1,6000,120.0,hold,34.9714,-0.8699
2022-11-02,1389992.64,-12202.83,0,0,0.0,exit,37.0052,-0.6095
2022-11-03,1389992.64,0.0,0,0,0.0,hold,41.3734,0.0037
2022-11-04,1389992.64,0.0,0,0,0.0,hold,38.7716,-0.4373
2022-11-07,1389992.64,0.0,0,0,0.0,hold,35.4322,-0.9856
2022-11-08,1389992.64,0.0,0,0,0.0,hold,37.7074,-0.634
2022-11-09,1389992.64,0.0,0,0,0.0,hold,36.607,-0.8038
2022-11-10,1389992.64,0.0,0,0,0.0,hold,35.358,-0.9987
2022-11-11,1389992.64,0.0,0,0,0.0,hold,33.883,-1.209
2022-11-14,1389992.64,0.0,0,0,0.0,hold,34.544,-1.1189
2022-11-15,1389992.64,0.0,0,0,0.0,hold,34.509,-1.0944
2022-11-16,1389992.64,0.0,0,0,0.0,hold,35.2244,-0.9567
2022-11-17,1389992.64,0.0,0,0,0.0,hold,36.4388,-0.7402
2022-11-18,1389992.64,0.0,0,0,0.0,hold,36.9558,-0.6423
2022-11-21,1389992.64,0.0,0,0,0.0,hold,37.471,-0.567
2022-11-22,1389992.64,0.0,0,0,0.0,hold,38.7822,-0.3642
2022-11-23,1389992.64,0.0,0,0,0.0,hold,38.3734,-0.4137
2022-11-25,1389992.64,0.0,0,0,0.0,hold,34.257,-0.9885
2022-11-28,1389992.64,0.0,0,0,0.0,hold,33.0324,-1.1004
2022-11-29,1389992.64,0.0,0,0,0.0,hold,33.2414,-1.0026
2022-11-30,1389992.64,0.0,0,0,0.0,hold,34.2486,-0.8017
2022-12-01,1389992.64,0.0,0,0,0.0,hold,30.0296,-1.3198
2022-12-02,1389992.64,0.0,0,0,0.0,hold,28.2302,-1.4609
2022-12-05,1389992.64,0.0,0,0,0.0,hold,26.7204,-1.5339
2022-12-06,1389992.64,0.0,0,0,0.0,hold,26.7418,-1.4201
2022-12-07,1389992.64,0.0,0,0,0.0,hold,25.0786,-1.5444
2022-12-08,1389992.64,0.0,0,0,0.0,hold,26.232,-1.3242
2022-12-09,1389992.64,0.0,0,0,0.0,hold,25.6626,-1.4069
2022-12-12,1389992.64,0.0,0,0,0.0,hold,26.657,-1.3594
2022-12-13,1389992.64,0.0,0,0,0.0,hold,28.406,-1.0774
2022-12-14,1389992.64,0.0,0,0,0.0,hold,31.4384,-0.3902
2022-12-15,1389992.64,0.0,0,0,0.0,hold,30.528,-0.5486
2022-12-16,1389992.64,0.0,0,0,0.0,hold,29.093,-0.816
2022-12-19,1389992.64,0.0,0,0,0.0,hold,28.5318,-0.892
2022-12-20,1389992.64,0.0,0,0,0.0,hold,28.973,-0.7401
2022-12-21,1389992.64,0.0,0,0,0.0,hold,28.8254,-0.7236
2022-12-22,1389992.64,0.0,0,0,0.0,hold,29.316,-0.5605
2022-12-23,1389992.64,0.0,0,0,0.0,hold,32.9062,0.3371
2022-12-27,1389992.64,0.0,0,0,0.0,hold,33.5074,0.4764
2022-12-28,1389992.64,0.0,0,0,0.0,hold,34.4904,0.7176
2022-12-29,1389992.64,0.0,0,0,0.0,hold,34.3616,0.6847
2022-12-30,1389992.64,0.0,0,0,0.0,hold,35.6768,1.0016
2023-01-03,1389992.64,0.0,0,0,0.0,hold,32.3946,-0.533
2023-01-04,1389992.64,0.0,0,0,0.0,hold,32.0242,-0.5812
2023-01-05,1389992.64,0.0,0,0,0.0,hold,31.421,-0.6942
2023-01-06,1389992.64,0.0,0,0,0.0,hold,31.1418,-0.7387
2023-01-09,1389992.64,0.0,0,0,0.0,hold,32.0752,-0.4319
2023-01-10,1389992.64,0.0,0,0,0.0,hold,33.9554,0.2404
2023-01-11,1389992.64,0.0,0,0,0.0,hold,35.8066,0.8919
2023-01-12,1389992.64,0.0,0,0,0.0,hold,35.9844,0.9635
2023-01-13,1389992.64,0.0,0,0,0.0,hold,36.641,1.2251
2023-01-17,1389992.64,0.0,0,0,0.0,hold,36.5968,1.1006
2023-01-18,1389992.64,0.0,0,0,0.0,hold,36.86,1.1044
2023-01-19,1389992.64,0.0,0,0,0.0,hold,39.643,1.8724
2023-01-20,1389992.64,0.0,0,0,0.0,hold,41.2964,2.1481
2023-01-23,1389520.14,0.0,-1,9000,0.0,enter,43.5946,2.4969
2023-01-24,1403741.9,14221.75,-1,9000,0.0,hold,42.0144,1.8547
2023-01-25,1426160.95,22419.05,-1,9000,0.0,hold,39.5234,1.0736
2023-01-26,1424753.37,-1407.58,-1,9000,0.0,hold,39.6798,1.042
2023-01-27,1435211.35,10457.98,-1,9000,0.0,hold,38.5178,0.6298
2023-01-30,1461287.96,26076.61,-1,9000,0.0,hold,35.6204,-0.2954
2023-01-31,1449297.26,-11518.2,0,0,0.0,exit,36.9002,0.0574
2023-02-01,1449297.26,0.0,0,0,0.0,hold,33.6118,-0.9671
2023-02-02,1449297.26,0.0,0,0,0.0,hold,33.3382,-1.0771
2023-02-03,1449297.26,0.0,0,0,0.0,hold,30.4522,-1.8656
2023-02-06,1449297.26,0.0,0,0,0.0,hold,31.107,-1.648
2023-02-07,1449297.26,0.0,0,0,0.0,hold,32.312,-1.2834
2023-02-08,1449297.26,0.0,0,0,0.0,hold,30.9946,-1.5391
2023-02-09,1449297.26,0.0,0,0,0.0,hold,29.8856,-1.6898
2023-02-10,1449297.26,0.0,0,0,0.0,hold,30.488,-1.4339
2023-02-13,1449297.26,0.0,0,0,0.0,hold,31.4106,-1.1677
2023-02-14,1449297.26,0.0,0,0,0.0,hold,31.7794,-1.0231
2023-02-15,1449297.26,0.0,0,0,0.0,hold,31.17,-1.1386
2023-02-16,1449297.26,0.0,0,0,0.0,hold,29.0552,-1.5553
2023-02-17,1449297.26,0.0,0,0,0.0,hold,29.059,-1.4834
2023-02-21,1449297.26,0.0,0,0,0.0,hold,30.5634,-1.1674
2023-02-22,1449297.26,0.0,0,0,0.0,hold,29.51,-1.3353
2023-02-23,1449297.26,0.0,0,0,0.0,hold,29.1494,-1.3322
2023-02-24,1449297.26,0.0,0,0,0.0,hold,28.8704,-1.3047
2023-02-27,1449297.26,0.0,0,0,0.0,hold,30.1096,-1.0315
2023-02-28,1449297.26,0.0,0,0,0.0,hold,30.603,-0.8889
2023-03-01,1449297.26,0.0,0,0,0.0,hold,37.4376,0.443
2023-03-02,1449297.26,0.0,0,0,0.0,hold,37.5752,0.471
2023-03-03,1449297.26,0.0,0,0,0.0,hold,38.1146,0.6067
2023-03-06,1449297.26,0.0,0,0,0.0,hold,38.2544,0.6617
2023-03-07,1449297.26,0.0,0,0,0.0,hold,37.2046,0.5398
2023-03-08,1449297.26,0.0,0,0,0.0,hold,37.0158,0.5942
2023-03-09,1449297.26,0.0,0,0,0.0,hold,34.5874,0.0037
2023-03-10,1449297.26,0.0,0,0,0.0,hold,36.223,0.5507
2023-03-13,1449297.26,0.0,0,0,0.0,hold,36.4202,0.6411
2023-03-14,1449297.26,0.0,0,0,0.0,hold,38.1556,1.2059
2023-03-15,1449297.26,0.0,0,0,0.0,hold,37.1338,0.9036
2023-03-16,1449297.26,0.0,0,0,0.0,hold,38.757,1.3818
2023-03-17,1449297.26,0.0,0,0,0.0,hold,40.8038,1.881
2023-03-20,1449297.26,0.0,0,0,0.0,hold,40.9874,1.6996
2023-03-21,1449297.26,0.0,0,0,0.0,hold,39.422,1.1223
2023-03-22,1449297.26,0.0,0,0,0.0,hold,40.0738,1.2142
2023-03-23,1449297.26,0.0,0,0,0.0,hold,40.591,1.2497
2023-03-24,1449297.26,0.0,0,0,0.0,hold,40.9508,1.2391
2023-03-27,1449297.26,0.0,0,0,0.0,hold,41.1332,1.1437
2023-03-28,1449297.26,0.0,0,0,0.0,hold,41.5132,1.1461
2023-03-29,1449297.26,0.0,0,0,0.0,hold,38.9502,0.3893
2023-03-30,1449297.26,0.0,0,0,0.0,hold,36.881,-0.2273
2023-03-31,1449297.26,0.0,0,0,0.0,hold,37.4122,-0.155
2023-04-03,1449297.26,0.0,0,0,0.0,hold,34.0664,-1.2422
2023-04-04,1449297.26,0.0,0,0,0.0,hold,33.2626,-1.4899
2023-04-05,1449297.26,0.0,0,0,0.0,hold,36.5868,-0.5922
2023-04-06,1449297.26,0.0,0,0,0.0,hold,35.3194,-1.0942
2023-04-10,1449297.26,0.0,0,0,0.0,hold,36.4208,-0.9461
2023-04-11,1449297.26,0.0,0,0,0.0,hold,36.0504,-1.1983
2023-04-12,1449297.26,0.0,0,0,0.0,hold,35.019,-1.6709
2023-04-13,1449297.26,0.0,0,0,0.0,hold,34.5468,-1.7113
2023-04-14,1449297.26,0.0,0,0,0.0,hold,33.834,-1.8072
2023-04-17,1449297.26,0.0,0,0,0.0,hold,33.4478,-1.8219
2023-04-18,1449297.26,0.0,0,0,0.0,hold,32.5638,-1.919
2023-04-19,1449297.26,0.0,0,0,0.0,hold,30.7218,-2.1997
2023-04-20,1448772.26,0.0,1,10000,0.0,enter,30.0578,-2.1241
2023-04-21,1446346.22,-2426.04,1,10000,0.0,hold,29.8152,-1.9809
2023-04-24,1451838.21,5491.99,1,10000,0.0,hold,30.3644,-1.726
2023-04-25,1445456.26,-6381.95,1,10000,0.0,hold,29.7262,-1.717
2023-04-26,1451246.24,5789.99,1,10000,0.0,hold,30.3052,-1.4813
2023-04-27,1439366.21,-11880.03,1,10000,0.0,hold,29.1172,-1.5975
2023-04-28,1435252.29,-4113.92,1,10000,0.0,hold,28.7058,-1.5587
2023-05-01,1439028.21,3975.92,1,10000,200.0,hold,29.1034,-1.4174
2023-05-02,1433878.22,-5150.0,1,10000,0.0,hold,28.5884,-1.4326
2023-05-03,1424704.26,-9173.96,1,10000,0.0,hold,27.671,-1.5071
2023-05-04,1427064.29,2360.03,1,10000,0.0,hold,27.907,-1.3804
2023-05-05,1424772.27,-2292.03,1,10000,0.0,hold,27.6778,-1.3554
2023-05-08,1438520.25,13747.99,1,10000,0.0,hold,29.0526,-1.063
2023-05-09,1439894.22,1373.97,1,10000,0.0,hold,29.19,-1.0011
2023-05-10,1456042.27,16148.05,1,10000,0.0,hold,30.8048,-0.6191
2023-05-11,1456380.23,337.95,1,10000,0.0,hold,30.8386,-0.575
2023-05-12,1450820.28,-5559.95,1,10000,0.0,hold,30.2826,-0.6806
2023-05-15,1461974.22,11153.94,1,10000,0.0,hold,31.398,-0.3626
2023-05-16,1463963.24,2514.02,0,0,0.0,exit,31.6494,-0.2591
2023-05-17,1463963.24,0.0,0,0,0.0,hold,33.024,0.1691
2023-05-18,1463963.24,0.0,0,0,0.0,hold,33.6888,0.4464
2023-05-19,1463963.24,0.0,0,0,0.0,hold,33.6516,0.4951
2023-05-22,1463963.24,0.0,0,0,0.0,hold,35.3088,1.1537
2023-05-23,1463963.24,0.0,0,0,0.0,hold,34.6954,1.0426
2023-05-24,1463963.24,0.0,0,0,0.0,hold,35.6454,1.5037
2023-05-25,1463963.24,0.0,0,0,0.0,hold,35.8748,1.6435
2023-05-26,1463963.24,0.0,0,0,0.0,hold,36.1954,1.7632
2023-05-30,1463963.24,0.0,0,0,0.0,hold,35.1564,1.2773
2023-05-31,1463963.24,0.0,0,0,0.0,hold,35.2216,1.2746
2023-06-01,1463963.24,0.0,0,0,0.0,hold,30.5194,-0.7464
2023-06-02,1463963.24,0.0,0,0,0.0,hold,31.2762,-0.4168
2023-06-05,1463963.24,0.0,0,0,0.0,hold,31.8182,-0.2107
2023-06-06,1463963.24,0.0,0,0,0.0,hold,33.2096,0.3653
2023-06-07,1463963.24,0.0,0,0,0.0,hold,35.0488,1.0772
2023-06-08,1463963.24,0.0,0,0,0.0,hold,35.3228,1.1152
2023-06-09,1463963.24,0.0,0,0,0.0,hold,35.4936,1.1018
2023-06-12,1463963.24,0.0,0,0,0.0,hold,34.7202,0.7189
2023-06-13,1463963.24,0.0,0,0,0.0,hold,35.7382,1.0593
2023-06-14,1463963.24,0.0,0,0,0.0,hold,36.2666,1.1915
2023-06-15,1463963.24,0.0,0,0,0.0,hold,38.062,1.7976
2023-06-16,1463963.24,0.0,0,0,0.0,hold,38.9936,2.0104
2023-06-20,1463490.74,0.0,-1,9000,0.0,enter,37.2132,1.2395
2023-06-21,1466817.15,3326.4,-1,9000,0.0,hold,36.8436,1.0268
2023-06-22,1470721.32,3904.18,-1,9000,0.0,hold,36.4098,0.7889
2023-06-23,1483220.58,12499.26,-1,9000,0.0,hold,35.021,0.1022
2023-06-26,1475528.28,-7219.8,0,0,0.0,exit,35.8232,0.4451
2023-06-27,1475528.28,0.0,0,0,0.0,hold,36.3564,0.6638
2023-06-28,1475528.28,0.0,0,0,0.0,hold,37.029,0.9599
2023-06-29,1475528.28,0.0,0,0,0.0,hold,37.254,1.0238
2023-06-30,1475528.28,0.0,0,0,0.0,hold,37.3868,1.0319
2023-07-03,1475528.28,0.0,0,0,0.0,hold,32.4394,-1.5511
2023-07-05,1475528.28,0.0,0,0,0.0,hold,33.6286,-0.8903
2023-07-06,1475528.28,0.0,0,0,0.0,hold,34.138,-0.5837
2023-07-07,1475528.28,0.0,0,0,0.0,hold,34.4678,-0.3907
2023-07-10,1475528.28,0.0,0,0,0.0,hold,34.7036,-0.2113
2023-07-11,1475528.28,0.0,0,0,0.0,hold,34.7774,-0.1381
2023-07-12,1475528.28,0.0,0,0,0.0,hold,35.3204,0.1773
2023-07-13,1475528.28,0.0,0,0,0.0,hold,34.6564,-0.1479
2023-07-14,1475528.28,0.0,0,0,0.0,hold,34.9742,0.037
2023-07-17,1475528.28,0.0,0,0,0.0,hold,35.4364,0.2694
2023-07-18,1475528.28,0.0,0,0,0.0,hold,36.0848,0.6302
2023-07-19,1475528.28,0.0,0,0,0.0,hold,37.8092,1.7259
2023-07-20,1475528.28,0.0,0,0,0.0,hold,38.4812,2.0309
2023-07-21,1475003.28,0.0,-1,10000,0.0,enter,39.8202,2.5102
2023-07-24,1462107.22,-12896.06,-1,10000,0.0,hold,41.1098,2.7587
2023-07-25,1481717.21,19609.99,-1,10000,0.0,hold,39.1488,1.6341
2023-07-26,1448983.22,-32733.98,-1,10000,0.0,hold,42.4222,2.7045
2023-07-27,1439599.24,-9383.98,-1,10000,0.0,hold,43.3606,2.6178
2023-07-28,1437177.26,-2421.98,-1,10000,0.0,hold,43.6028,2.3536
2023-07-31,1452359.32,15182.06,-1,10000,0.0,hold,42.0846,1.7432
2023-08-01,1458989.31,6829.99,-1,10000,200.0,hold,41.4016,1.4562
2023-08-02,1470079.23,11089.92,-1,10000,0.0,hold,40.2926,1.0727
2023-08-03,1483903.33,13824.1,-1,10000,0.0,hold,38.9102,0.6442
2023-08-04,1493229.28,9325.96,-1,10000,0.0,hold,37.9776,0.359
2023-08-07,1484478.29,-8225.99,0,0,0.0,exit,38.8002,0.603
2023-08-08,1484478.29,0.0,0,0,0.0,hold,39.9412,0.8972
2023-08-09,1484478.29,0.0,0,0,0.0,hold,42.4932,1.5316
2023-08-10,1484478.29,0.0,0,0,0.0,hold,42.6578,1.472
2023-08-11,1484478.29,0.0,0,0,0.0,hold,43.5282,1.5838
2023-08-14,1484478.29,0.0,0,0,0.0,hold,42.0998,1.1759
2023-08-15,1484478.29,0.0,0,0,0.0,hold,41.1348,0.8931
2023-08-16,1484478.29,0.0,0,0,0.0,hold,43.1914,1.3752
2023-08-17,1484478.29,0.0,0,0,0.0,hold,41.9308,0.9918
2023-08-18,1484478.29,0.0,0,0,0.0,hold,42.0354,0.9807
2023-08-21,1484478.29,0.0,0,0,0.0,hold,40.5396,0.5584
2023-08-22,1484478.29,0.0,0,0,0.0,hold,41.688,0.8737
2023-08-23,1484478.29,0.0,0,0,0.0,hold,42.4438,1.0777
2023-08-24,1484478.29,0.0,0,0,0.0,hold,42.9796,1.2375
2023-08-25,1484478.29,0.0,0,0,0.0,hold,47.0142,2.4643
2023-08-28,1484058.29,0.0,-1,8000,0.0,enter,43.0314,1.1381
2023-08-29,1493053.56,8995.27,-1,8000,0.0,hold,41.907,0.7111
2023-08-30,1505314.29,12260.73,-1,8000,0.0,hold,40.3744,0.0525
2023-08-31,1525284.68,20390.38,0,0,0.0,exit,37.8256,-1.098
2023-09-01,1525284.68,0.0,0,0,0.0,hold,30.4736,-3.4003
2023-09-05,1524969.68,0.0,1,6000,0.0,enter,30.6524,-2.7046
2023-09-06,1521037.25,-3932.43,1,6000,0.0,hold,29.997,-2.5147
2023-09-07,1530332.45,9295.2,1,6000,0.0,hold,31.5462,-1.864
2023-09-08,1538941.28,8608.83,1,6000,0.0,hold,32.981,-1.3654
2023-09-11,1556481.66,17540.39,1,6000,0.0,hold,35.9044,-0.534
2023-09-12,1545879.7,-10601.96,1,6000,0.0,hold,34.1374,-0.9052
2023-09-13,1558560.1,12680.39,1,6000,0.0,hold,36.2508,-0.3415
2023-09-14,1552999.87,-5245.23,0,0,0.0,exit,35.3766,-0.5203
2023-09-15,1552999.87,0.0,0,0,0.0,hold,32.4244,-1.1742
2023-09-18,1552999.87,0.0,0,0,0.0,hold,30.0974,-1.5753
2023-09-19,1552999.87,0.0,0,0,0.0,hold,30.4614,-1.3837
2023-09-20,1552999.87,0.0,0,0,0.0,hold,29.6328,-1.4413
2023-09-21,1552999.87,0.0,0,0,0.0,hold,30.8792,-1.0807
2023-09-22,1552999.87,0.0,0,0,0.0,hold,27.9872,-1.5448
2023-09-25,1552999.87,0.0,0,0,0.0,hold,27.22,-1.528
2023-09-26,1552999.87,0.0,0,0,0.0,hold,26.4848,-1.529
2023-09-27,1552999.87,0.0,0,0,0.0,hold,25.4866,-1.569
2023-09-28,1552999.87,0.0,0,0,0.0,hold,24.8904,-1.542
2023-09-29,1552999.87,0.0,0,0,0.0,hold,24.598,-1.4642
2023-10-02,1552999.87,0.0,0,0,0.0,hold,23.8366,-1.4477
2023-10-03,1552999.87,0.0,0,0,0.0,hold,21.5884,-1.6782
2023-10-04,1552999.87,0.0,0,0,0.0,hold,19.5732,-1.8342
2023-10-05,1552999.87,0.0,0,0,0.0,hold,19.1438,-1.7464
2023-10-06,1552999.87,0.0,0,0,0.0,hold,19.2028,-1.6123
2023-10-09,1552999.87,0.0,0,0,0.0,hold,17.8192,-1.7523
2023-10-10,1552999.87,0.0,0,0,0.0,hold,19.5466,-1.3871
2023-10-11,1552999.87,0.0,0,0,0.0,hold,20.3718,-1.1805
2023-10-12,1552999.87,0.0,0,0,0.0,hold,20.3386,-1.1247
2023-10-13,1552999.87,0.0,0,0,0.0,hold,20.7022,-0.9831
2023-10-16,1552999.87,0.0,0,0,0.0,hold,21.0728,-0.8154
2023-10-17,1552999.87,0.0,0,0,0.0,hold,21.7798,-0.6183
2023-10-18,1552999.87,0.0,0,0,0.0,hold,21.5282,-0.6172
2023-10-19,1552999.87,0.0,0,0,0.0,hold,21.1796,-0.6277
2023-10-20,1552999.87,0.0,0,0,0.0,hold,21.9032,-0.423
2023-10-23,1552999.87,0.0,0,0,0.0,hold,23.045,-0.0854
2023-10-24,1552999.87,0.0,0,0,0.0,hold,22.3814,-0.1621
2023-10-25,1552999.87,0.0,0,0,0.0,hold,20.9946,-0.4177
2023-10-26,1552999.87,0.0,0,0,0.0,hold,22.5754,0.1037
2023-10-27,1552999.87,0.0,0,0,0.0,hold,21.9366,0.0076
2023-10-30,1552999.87,0.0,0,0,0.0,hold,21.3782,-0.0552
2023-10-31,1552999.87,0.0,0,0,0.0,hold,23.0896,0.6399
2023-11-01,1552999.87,0.0,0,0,0.0,hold,22.215,0.4253
2023-11-02,1552999.87,0.0,0,0,0.0,hold,22.785,0.8458
2023-11-03,1552999.87,0.0,0,0,0.0,hold,22.0512,0.6239
2023-11-06,1552999.87,0.0,0,0,0.0,hold,23.1188,1.2714
2023-11-07,1552999.87,0.0,0,0,0.0,hold,23.0632,1.2983
2023-11-08,1552999.87,0.0,0,0,0.0,hold,22.7568,1.1678
2023-11-09,1552999.87,0.0,0,0,0.0,hold,22.8298,1.202
2023-11-10,1552999.87,0.0,0,0,0.0,hold,22.5394,1.0605
2023-11-13,1552999.87,0.0,0,0,0.0,hold,24.0954,1.7452
2023-11-14,1552999.87,0.0,0,0,0.0,hold,23.6978,1.4603
2023-11-15,1552999.87,0.0,0,0,0.0,hold,25.1522,1.9507
2023-11-16,1552999.87,0.0,0,0,0.0,hold,24.4336,1.5631
2023-11-17,1552999.87,0.0,0,0,0.0,hold,24.091,1.3619
2023-11-20,1552999.87,0.0,0,0,0.0,hold,24.621,1.6417
2023-11-21,1552999.87,0.0,0,0,0.0,hold,25.725,2.054
2023-11-22,1552107.37,0.0,-1,17000,0.0,enter,25.8546,1.9678
2023-11-23,1564935.51,12828.14,-1,17000,0.0,hold,25.1,1.5334
2023-11-24,1570331.34,5395.83,-1,17000,0.0,hold,24.7826,1.3214
2023-11-27,1551203.04,-19128.3,-1,17000,0.0,hold,25.9078,1.786
2023-11-28,1537259.62,-13943.42,-1,17000,0.0,hold,26.728,1.9922
2023-11-29,1540798.95,3539.33,-1,17000,0.0,hold,26.5198,1.7585
2023-11-30,1562191.79,21392.83,-1,17000,0.0,hold,25.2614,1.1281
2023-12-01,1607405.01,45553.22,-1,17000,340.0,hold,22.5818,-0.17
2023-12-04,1583195.27,-23317.23,0,0,0.0,exit,23.9534,0.4904
2023-12-05,1583195.27,0.0,0,0,0.0,hold,23.7438,0.3528
2023-12-06,1583195.27,0.0,0,0,0.0,hold,23.5324,0.1966
2023-12-07,1583195.27,0.0,0,0,0.0,hold,22.3824,-0.4531
2023-12-08,1583195.27,0.0,0,0,0.0,hold,22.2984,-0.5523
2023-12-11,1583195.27,0.0,0,0,0.0,hold,22.4086,-0.5515
2023-12-12,1583195.27,0.0,0,0,0.0,hold,21.9252,-0.8566
2023-12-13,1583195.27,0.0,0,0,0.0,hold,22.9006,-0.301
2023-12-14,1583195.27,0.0,0,0,0.0,hold,24.0246,0.3893
2023-12-15,1583195.27,0.0,0,0,0.0,hold,25.0972,1.0587
2023-12-18,1583195.27,0.0,0,0,0.0,hold,25.4012,1.1965
2023-12-19,1583195.27,0.0,0,0,0.0,hold,26.2176,1.6314
2023-12-20,1583195.27,0.0,0,0,0.0,hold,25.3186,0.957
2023-12-21,1583195.27,0.0,0,0,0.0,hold,24.3032,0.1946
2023-12-22,1583195.27,0.0,0,0,0.0,hold,23.3396,-0.5874
2023-12-26,1583195.27,0.0,0,0,0.0,hold,22.2256,-1.4002
2023-12-27,1583195.27,0.0,0,0,0.0,hold,22.9646,-0.8537
2023-12-28,1583195.27,0.0,0,0,0.0,hold,22.4038,-1.2019
2023-12-29,1583195.27,0.0,0,0,0.0,hold,22.9662,-0.7709
2024-01-02,1583195.27,0.0,0,0,0.0,hold,23.6384,-1.6694
2024-01-03,1583195.27,0.0,0,0,0.0,hold,24.1884,-1.2266
2024-01-04,1583195.27,0.0,0,0,0.0,hold,23.1304,-1.7797
2024-01-05,1583195.27,0.0,0,0,0.0,hold,21.663,-2.3842
2024-01-08,1582250.27,0.0,1,18000,0.0,enter,22.085,-1.9635
2024-01-09,1599008.24,16757.97,1,18000,0.0,hold,23.016,-1.3639
2024-01-10,1597330.56,-1677.68,1,18000,0.0,hold,22.9228,-1.3376
2024-01-11,1627765.03,30434.47,1,18000,0.0,hold,24.6136,-0.4066
2024-01-12,1616830.01,-9990.02,0,0,0.0,exit,24.0586,-0.6927
2024-01-16,1616830.01,0.0,0,0,0.0,hold,24.2616,-0.6182
2024-01-17,1616830.01,0.0,0,0,0.0,hold,24.3816,-0.5554
2024-01-18,1616830.01,0.0,0,0,0.0,hold,24.7684,-0.3135
2024-01-19,1616830.01,0.0,0,0,0.0,hold,24.4178,-0.5188
2024-01-22,1616830.01,0.0,0,0,0.0,hold,25.1774,-0.1168
2024-01-23,1616830.01,0.0,0,0,0.0,hold,25.191,-0.1385
2024-01-24,1616830.01,0.0,0,0,0.0,hold,24.3212,-0.6855
2024-01-25,1616830.01,0.0,0,0,0.0,hold,25.1788,-0.1851
2024-01-26,1616830.01,0.0,0,0,0.0,hold,26.0324,0.2859
2024-01-29,1616830.01,0.0,0,0,0.0,hold,25.2926,-0.2538
2024-01-30,1616830.01,0.0,0,0,0.0,hold,24.7748,-0.5613
2024-01-31,1616830.01,0.0,0,0,0.0,hold,24.5972,-0.658
2024-02-01,1616830.01,0.0,0,0,0.0,hold,25.615,0.0415
2024-02-02,1616830.01,0.0,0,0,0.0,hold,25.09,-0.3164
2024-02-05,1616830.01,0.0,0,0,0.0,hold,27.2248,1.584
2024-02-06,1616830.01,0.0,0,0,0.0,hold,27.1722,1.5963
2024-02-07,1616830.01,0.0,0,0,0.0,hold,28.9168,2.8682
2024-02-08,1615885.01,0.0,-1,18000,0.0,enter,29.8272,2.9338
2024-02-09,1609808.14,-6076.86,-1,18000,0.0,hold,30.1648,2.6634
2024-02-12,1608476.14,-1332.01,-1,18000,0.0,hold,30.2388,2.2597
2024-02-13,1617789.48,9313.34,-1,18000,0.0,hold,29.7214,1.7594
2024-02-14,1656431.75,38642.27,-1,18000,0.0,hold,27.5746,0.4812
2024-02-15,1676373.98,20887.22,0,0,0.0,exit,26.4142,-0.2105
2024-02-16,1676373.98,0.0,0,0,0.0,hold,25.5104,-0.762
2024-02-20,1676373.98,0.0,0,0,0.0,hold,23.8282,-1.8436
2024-02-21,1676373.98,0.0,0,0,0.0,hold,23.9708,-1.7611
2024-02-22,1676373.98,0.0,0,0,0.0,hold,25.2896,-1.0717
2024-02-23,1676373.98,0.0,0,0,0.0,hold,24.9134,-1.2902
2024-02-26,1676373.98,0.0,0,0,0.0,hold,25.6546,-0.9671
2024-02-27,1676373.98,0.0,0,0,0.0,hold,25.2172,-1.1819
2024-02-28,1676373.98,0.0,0,0,0.0,hold,22.2642,-2.3827
2024-02-29,1675743.98,0.0,1,12000,0.0,enter,23.8336,-1.5706
2024-03-01,1762604.74,87100.77,1,12000,240.0,hold,31.092,1.4812
2024-03-04,1757515.64,-4459.1,0,0,0.0,exit,30.7204,1.1502
2024-03-05,1757515.64,0.0,0,0,0.0,hold,29.2594,0.4953
2024-03-06,1757515.64,0.0,0,0,0.0,hold,29.6654,0.6048
2024-03-07,1757515.64,0.0,0,0,0.0,hold,30.3302,0.7959
2024-03-08,1757515.64,0.0,0,0,0.0,hold,29.7242,0.4949
2024-03-11,1757515.64,0.0,0,0,0.0,hold,31.4492,1.0445
2024-03-12,1757515.64,0.0,0,0,0.0,hold,31.4902,0.972
2024-03-13,1757515.64,0.0,0,0,0.0,hold,32.3934,1.2064
2024-03-14,1757515.64,0.0,0,0,0.0,hold,32.3556,1.0865
2024-03-15,1757515.64,0.0,0,0,0.0,hold,33.3204,1.3205
2024-03-18,1757515.64,0.0,0,0,0.0,hold,33.5192,1.2173
2024-03-19,1757515.64,0.0,0,0,0.0,hold,32.5214,0.7998
2024-03-20,1757515.64,0.0,0,0,0.0,hold,32.5894,0.7622
2024-03-21,1757515.64,0.0,0,0,0.0,hold,32.652,0.7478
2024-03-22,1757515.64,0.0,0,0,0.0,hold,33.232,0.9186
2024-03-25,1757515.64,0.0,0,0,0.0,hold,32.5056,0.6039
2024-03-26,1757515.64,0.0,0,0,0.0,hold,30.702,-0.022
2024-03-27,1757515.64,0.0,0,0,0.0,hold,30.202,-0.1959
2024-03-28,1757515.64,0.0,0,0,0.0,hold,30.7592,-0.0219
2024-04-01,1757515.64,0.0,0,0,0.0,hold,28.9494,-0.7646
2024-04-02,1757515.64,0.0,0,0,0.0,hold,30.0658,-0.408
2024-04-03,1757515.64,0.0,0,0,0.0,hold,30.1288,-0.4644
2024-04-04,1757515.64,0.0,0,0,0.0,hold,30.0258,-0.586
2024-04-05,1757515.64,0.0,0,0,0.0,hold,29.9928,-0.6557
2024-04-08,1757515.64,0.0,0,0,0.0,hold,28.7326,-1.2494
2024-04-09,1757515.64,0.0,0,0,0.0,hold,29.4048,-1.0237
2024-04-10,1757515.64,0.0,0,0,0.0,hold,29.5812,-1.0128
2024-04-11,1757515.64,0.0,0,0,0.0,hold,29.892,-1.101
2024-04-12,1757515.64,0.0,0,0,0.0,hold,30.4126,-1.0376
2024-04-15,1757515.64,0.0,0,0,0.0,hold,29.698,-1.392
2024-04-16,1757515.64,0.0,0,0,0.0,hold,30.7826,-0.8342
2024-04-17,1757515.64,0.0,0,0,0.0,hold,29.7594,-1.2848
2024-04-18,1757515.64,0.0,0,0,0.0,hold,28.7282,-1.655
2024-04-19,1757515.64,0.0,0,0,0.0,hold,28.3266,-1.7005
2024-04-22,1757515.64,0.0,0,0,0.0,hold,28.1868,-1.683
2024-04-23,1757515.64,0.0,0,0,0.0,hold,29.0572,-1.259
2024-04-24,1757515.64,0.0,0,0,0.0,hold,29.449,-1.0524
2024-04-25,1757515.64,0.0,0,0,0.0,hold,29.3652,-1.0432
2024-04-26,1757515.64,0.0,0,0,0.0,hold,29.2336,-1.0546
2024-04-29,1757515.64,0.0,0,0,0.0,hold,29.7718,-0.8557
2024-04-30,1757515.64,0.0,0,0,0.0,hold,29.16,-1.1093
2024-05-01,1757515.64,0.0,0,0,0.0,hold,27.4938,-1.7982
2024-05-02,1757515.64,0.0,0,0,0.0,hold,27.9554,-1.5341
2024-05-03,1757515.64,0.0,0,0,0.0,hold,27.6404,-1.6484
2024-05-06,1757515.64,0.0,0,0,0.0,hold,28.4492,-1.3218
2024-05-07,1757515.64,0.0,0,0,0.0,hold,27.3536,-1.9305
2024-05-08,1757515.64,0.0,0,0,0.0,hold,26.5658,-2.2061
2024-05-09,1756308.14,0.0,1,23000,0.0,enter,26.5968,-2.0139
2024-05-10,1738285.36,-18022.77,1,23000,0.0,hold,25.8132,-2.2456
2024-05-13,1726233.25,-12052.11,1,23000,0.0,hold,25.2892,-2.2665
2024-05-14,1713344.22,-12889.02,1,23000,0.0,hold,24.7288,-2.2655
2024-05-15,1724269.17,10924.94,1,23000,0.0,hold,25.2038,-1.885
2024-05-16,1743506.34,19237.17,1,23000,0.0,hold,26.0402,-1.43
2024-05-17,1761575.14,18068.8,1,23000,0.0,hold,26.8258,-1.036
2024-05-20,1745723.48,-15851.66,1,23000,0.0,hold,26.1366,-1.288
2024-05-21,1730902.31,-14821.17,1,23000,0.0,hold,25.4922,-1.4649
2024-05-22,1732774.45,1872.14,1,23000,0.0,hold,25.5736,-1.3458
2024-05-23,1743464.8,10690.35,1,23000,0.0,hold,26.0384,-1.0918
2024-05-24,1734025.7,-9439.1,1,23000,0.0,hold,25.628,-1.2123
2024-05-28,1718017.71,-16007.99,1,23000,0.0,hold,24.932,-1.4593
2024-05-29,1694079.31,-23938.4,1,23000,0.0,hold,23.8912,-1.8167
2024-05-30,1664160.8,-29918.51,1,23000,0.0,hold,22.5904,-2.1749
2024-05-31,1697235.07,33074.27,1,23000,0.0,hold,24.0284,-1.4602
2024-06-03,1680564.46,-16210.61,1,23000,460.0,hold,23.3236,-1.6351
2024-06-04,1708509.54,27945.08,1,23000,0.0,hold,24.5386,-1.0692
2024-06-05,1697184.37,-11325.17,1,23000,0.0,hold,24.0462,-1.1995
2024-06-06,1709608.89,12424.52,1,23000,0.0,hold,24.5864,-0.926
2024-06-07,1698573.63,-11035.25,1,23000,0.0,hold,24.1066,-1.0805
2024-06-10,1686254.87,-12318.76,1,23000,0.0,hold,23.571,-1.2688
2024-06-11,1683411.9,-2842.98,1,23000,0.0,hold,23.4474,-1.293
2024-06-12,1666552.85,-16859.05,1,23000,0.0,hold,22.7144,-1.6004
2024-06-13,1692257.7,25704.85,1,23000,0.0,hold,23.832,-0.9607
2024-06-14,1680647.39,-11610.31,1,23000,0.0,hold,23.3272,-1.1736
2024-06-17,1671700.25,-8947.14,1,23000,0.0,hold,22.9382,-1.3192
2024-06-18,1678890.23,7189.98,1,23000,0.0,hold,23.2508,-1.1165
2024-06-20,1677615.88,-1274.35,1,23000,0.0,hold,23.1954,-1.0972
2024-06-21,1708417.44,30801.56,1,23000,0.0,hold,24.5346,-0.1427
2024-06-24,1694721.02,-12488.92,0,0,0.0,exit,23.9916,-0.4464
2024-06-25,1694721.02,0.0,0,0,0.0,hold,24.7132,0.1558
2024-06-26,1694721.02,0.0,0,0,0.0,hold,25.8738,1.0693
2024-06-27,1694721.02,0.0,0,0,0.0,hold,25.2032,0.5626
2024-06-28,1694721.02,0.0,0,0,0.0,hold,24.5114,0.07
2024-07-01,1694721.02,0.0,0,0,0.0,hold,25.4182,0.8906
2024-07-02,1694721.02,0.0,0,0,0.0,hold,26.061,1.5481
2024-07-03,1694721.02,0.0,0,0,0.0,hold,25.8366,1.4184
2024-07-05,1694721.02,0.0,0,0,0.0,hold,24.9284,0.6978
2024-07-08,1694721.02,0.0,0,0,0.0,hold,24.8386,0.7356
2024-07-09,1694721.02,0.0,0,0,0.0,hold,24.6876,0.6978
2024-07-10,1694721.02,0.0,0,0,0.0,hold,23.2528,-0.5964
2024-07-11,1694721.02,0.0,0,0,0.0,hold,23.1332,-0.6332
2024-07-12,1694721.02,0.0,0,0,0.0,hold,23.3528,-0.3723
2024-07-15,1694721.02,0.0,0,0,0.0,hold,23.0452,-0.6154
2024-07-16,1694721.02,0.0,0,0,0.0,hold,23.1732,-0.4298
2024-07-17,1694721.02,0.0,0,0,0.0,hold,22.1024,-1.4366
2024-07-18,1694721.02,0.0,0,0,0.0,hold,22.4544,-0.9775
2024-07-19,1694721.02,0.0,0,0,0.0,hold,22.3486,-0.9903
2024-07-22,1694721.02,0.0,0,0,0.0,hold,23.484,0.2596
2024-07-23,1694721.02,0.0,0,0,0.0,hold,24.3734,1.1089
2024-07-24,1694721.02,0.0,0,0,0.0,hold,25.3856,1.9082
2024-07-25,1694721.02,0.0,0,0,0.0,hold,25.4096,1.7931
2024-07-26,1694721.02,0.0,0,0,0.0,hold,25.6098,1.8475
2024-07-29,1694721.02,0.0,0,0,0.0,hold,25.0684,1.4184
2024-07-30,1694721.02,0.0,0,0,0.0,hold,24.824,1.1836
2024-07-31,1694721.02,0.0,0,0,0.0,hold,25.403,1.5802
2024-08-01,1694721.02,0.0,0,0,0.0,hold,24.5236,0.8651
2024-08-02,1694721.02,0.0,0,0,0.0,hold,23.8318,0.3018
2024-08-05,1694721.02,0.0,0,0,0.0,hold,24.5812,1.0238
2024-08-06,1694721.02,0.0,0,0,0.0,hold,24.0748,0.6087
2024-08-07,1694721.02,0.0,0,0,0.0,hold,23.7528,0.3688
2024-08-08,1694721.02,0.0,0,0,0.0,hold,23.9968,0.6278
2024-08-09,1694721.02,0.0,0,0,0.0,hold,22.8442,-0.2691
2024-08-12,1694721.02,0.0,0,0,0.0,hold,22.0322,-0.7635
2024-08-13,1694721.02,0.0,0,0,0.0,hold,21.5904,-1.009
2024-08-14,1694721.02,0.0,0,0,0.0,hold,21.1656,-1.2118
2024-08-15,1694721.02,0.0,0,0,0.0,hold,21.1546,-1.0877
2024-08-16,1694721.02,0.0,0,0,0.0,hold,20.6374,-1.3456
2024-08-19,1694721.02,0.0,0,0,0.0,hold,20.7054,-1.0583
2024-08-20,1694721.02,0.0,0,0,0.0,hold,20.8212,-0.8652
2024-08-21,1694721.02,0.0,0,0,0.0,hold,21.3058,-0.46
2024-08-22,1694721.02,0.0,0,0,0.0,hold,21.5026,-0.2784
2024-08-23,1694721.02,0.0,0,0,0.0,hold,21.3486,-0.3536
2024-08-26,1694721.02,0.0,0,0,0.0,hold,19.2892,-1.6721
2024-08-27,1694721.02,0.0,0,0,0.0,hold,19.39,-1.4646
2024-08-28,1694721.02,0.0,0,0,0.0,hold,18.7018,-1.8317
2024-08-29,1694721.02,0.0,0,0,0.0,hold,19.0016,-1.5146
2024-08-30,1694721.02,0.0,0,0,0.0,hold,19.8986,-0.8607
2024-09-03,1694721.02,0.0,0,0,0.0,hold,15.9196,-2.7832
2024-09-04,1693881.02,0.0,1,16000,0.0,enter,15.9354,-2.357
2024-09-05,1681106.54,-12774.48,1,16000,0.0,hold,15.137,-2.381
2024-09-06,1679362.62,-1743.92,1,16000,0.0,hold,15.028,-2.1355
2024-09-09,1679119.4,-243.22,1,16000,0.0,hold,15.0128,-1.8593
2024-09-10,1685666.6,6547.2,1,16000,0.0,hold,15.422,-1.5261
2024-09-11,1680441.02,-5225.57,1,16000,0.0,hold,15.0954,-1.5131
2024-09-12,1673301.76,-7139.27,1,16000,0.0,hold,14.6492,-1.5595
2024-09-13,1672127.35,-1174.41,1,16000,0.0,hold,14.5758,-1.4507
2024-09-16,1668911.44,-3215.91,1,16000,0.0,hold,14.3748,-1.3365
2024-09-17,1675346.5,6435.06,1,16000,0.0,hold,14.777,-1.074
2024-09-18,1686188.12,10841.62,1,16000,0.0,hold,15.4546,-0.6999
2024-09-19,1697122.58,10934.46,1,16000,0.0,hold,16.138,-0.3128
2024-09-20,1683837.83,-12444.75,0,0,0.0,exit,15.3602,-0.5853
2024-09-23,1683837.83,0.0,0,0,0.0,hold,15.387,-0.4069
2024-09-24,1683837.83,0.0,0,0,0.0,hold,15.7986,-0.1117
2024-09-25,1683837.83,0.0,0,0,0.0,hold,16.55,0.3634
2024-09-26,1683837.83,0.0,0,0,0.0,hold,17.1518,0.7511
2024-09-27,1683837.83,0.0,0,0,0.0,hold,16.3618,0.3978
2024-09-30,1683837.83,0.0,0,0,0.0,hold,16.614,0.6826
2024-10-01,1683837.83,0.0,0,0,0.0,hold,15.6736,0.2334
2024-10-02,1683837.83,0.0,0,0,0.0,hold,16.0546,0.5374
2024-10-03,1683837.83,0.0,0,0,0.0,hold,17.0086,1.1976
2024-10-04,1683837.83,0.0,0,0,0.0,hold,16.6802,1.1268
2024-10-07,1683837.83,0.0,0,0,0.0,hold,16.7132,1.3715
2024-10-08,1683837.83,0.0,0,0,0.0,hold,16.4976,1.2468
2024-10-09,1683837.83,0.0,0,0,0.0,hold,16.4958,1.2687
2024-10-10,1683837.83,0.0,0,0,0.0,hold,17.2878,1.7036
2024-10-11,1683837.83,0.0,0,0,0.0,hold,17.4994,1.7544
2024-10-14,1683837.83,0.0,0,0,0.0,hold,17.0496,1.5723
2024-10-15,1683837.83,0.0,0,0,0.0,hold,17.1034,1.5152
2024-10-16,1683837.83,0.0,0,0,0.0,hold,17.1842,1.477
2024-10-17,1683837.83,0.0,0,0,0.0,hold,17.3634,1.5017
2024-10-18,1683837.83,0.0,0,0,0.0,hold,16.9668,1.2426
2024-10-21,1683837.83,0.0,0,0,0.0,hold,16.4178,0.9835
2024-10-22,1683837.83,0.0,0,0,0.0,hold,17.23,1.3794
2024-10-23,1683837.83,0.0,0,0,0.0,hold,17.4916,1.4637
2024-10-24,1683837.83,0.0,0,0,0.0,hold,17.4178,1.3861
2024-10-25,1683837.83,0.0,0,0,0.0,hold,17.7514,1.5445
2024-10-28,1683837.83,0.0,0,0,0.0,hold,17.4796,1.4397
2024-10-29,1683837.83,0.0,0,0,0.0,hold,17.3122,1.3239
2024-10-30,1683837.83,0.0,0,0,0.0,hold,17.896,1.6554
2024-10-31,1683837.83,0.0,0,0,0.0,hold,17.911,1.5867
2024-11-01,1683837.83,0.0,0,0,0.0,hold,16.8508,0.8641
2024-11-04,1683837.83,0.0,0,0,0.0,hold,17.045,1.0767
2024-11-05,1683837.83,0.0,0,0,0.0,hold,17.5176,1.4192
2024-11-06,1683837.83,0.0,0,0,0.0,hold,17.0812,1.0432
2024-11-07,1683837.83,0.0,0,0,0.0,hold,17.1504,1.0657
2024-11-08,1683837.83,0.0,0,0,0.0,hold,17.3146,1.1776
2024-11-11,1683837.83,0.0,0,0,0.0,hold,17.5224,1.3772
2024-11-12,1683837.83,0.0,0,0,0.0,hold,17.8316,1.6415
2024-11-13,1683837.83,0.0,0,0,0.0,hold,17.663,1.4824
2024-11-14,1683837.83,0.0,0,0,0.0,hold,17.7598,1.5103
2024-11-15,1683837.83,0.0,0,0,0.0,hold,17.953,1.6406
2024-11-18,1683837.83,0.0,0,0,0.0,hold,18.872,2.3751
2024-11-19,1681685.33,0.0,-1,41000,0.0,enter,19.0284,2.3228
2024-11-20,1659045.26,-22640.08,-1,41000,0.0,hold,19.5806,2.5433
2024-11-21,1666252.76,7207.5,-1,41000,0.0,hold,19.4048,2.1596
2024-11-22,1710409.92,44157.16,-1,41000,0.0,hold,18.3278,1.2277
2024-11-25,1708753.62,-1656.3,-1,41000,0.0,hold,18.3682,1.2406
2024-11-26,1708843.59,89.97,-1,41000,0.0,hold,18.366,1.1807
2024-11-27,1749040.21,40196.62,-1,41000,0.0,hold,17.3856,0.3547
2024-11-29,1757547.62,10659.91,0,0,0.0,exit,17.1256,0.1272
2024-12-02,1757547.62,0.0,0,0,0.0,hold,16.0694,-0.7968
2024-12-03,1757547.62,0.0,0,0,0.0,hold,16.055,-0.8926
2024-12-04,1757547.62,0.0,0,0,0.0,hold,16.0984,-0.8736
2024-12-05,1757547.62,0.0,0,0,0.0,hold,15.9898,-0.976
2024-12-06,1757547.62,0.0,0,0,0.0,hold,16.03,-0.9389
2024-12-09,1757547.62,0.0,0,0,0.0,hold,16.869,-0.1154
2024-12-10,1757547.62,0.0,0,0,0.0,hold,16.8058,-0.1987
2024-12-11,1757547.62,0.0,0,0,0.0,hold,16.4386,-0.586
2024-12-12,1757547.62,0.0,0,0,0.0,hold,16.9704,-0.0549
2024-12-13,1757547.62,0.0,0,0,0.0,hold,16.5404,-0.4858
2024-12-16,1757547.62,0.0,0,0,0.0,hold,16.3056,-0.7688
2024-12-17,1757547.62,0.0,0,0,0.0,hold,15.5398,-1.5164
2024-12-18,1757547.62,0.0,0,0,0.0,hold,15.3884,-1.5686
2024-12-19,1757547.62,0.0,0,0,0.0,hold,15.2562,-1.6123
2024-12-20,1757547.62,0.0,0,0,0.0,hold,16.1486,-0.7749
2024-12-23,1757547.62,0.0,0,0,0.0,hold,16.2006,-0.7424
2024-12-24,1757547.62,0.0,0,0,0.0,hold,15.8502,-1.0279
2024-12-26,1757547.62,0.0,0,0,0.0,hold,15.7366,-1.0911
2024-12-27,1757547.62,0.0,0,0,0.0,hold,15.6568,-1.1085
2024-12-30,1757547.62,0.0,0,0,0.0,hold,16.5394,-0.3685
