Date,SPY,WTI_BH
2019-01-02,223.80596923828125,46.540000915527344
2019-01-03,218.46531677246094,47.09000015258789
2019-01-04,225.7830047607422,47.959999084472656
2019-01-07,227.56321716308594,48.52000045776367
2019-01-08,229.70123291015625,49.779998779296875
2019-01-09,230.77471923828125,52.36000061035156
2019-01-10,231.5888214111328,52.59000015258789
2019-01-11,231.6782684326172,51.59000015258789
2019-01-14,230.2648468017578,50.5099983215332
2019-01-15,232.90382385253906,52.11000061035156
2019-01-16,233.46743774414062,52.310001373291016
2019-01-17,235.23867797851562,52.06999969482422
2019-01-18,238.3697052001953,53.79999923706055
2019-01-22,235.14926147460938,52.56999969482422
2019-01-23,235.64126586914062,52.619998931884766
2019-01-24,235.7664794921875,53.130001068115234
2019-01-25,237.7613983154297,53.689998626708984
2019-01-28,235.9543914794922,51.9900016784668
2019-01-29,235.64126586914062,53.310001373291016
2019-01-30,239.3716278076172,54.22999954223633
2019-01-31,241.47389221191406,53.790000915527344
2019-02-01,241.59022521972656,55.2599983215332
2019-02-04,243.28985595703125,54.560001373291016
2019-02-05,244.3097381591797,53.65999984741211
2019-02-06,243.98765563964844,54.0099983215332
2019-02-07,241.66183471679688,52.63999938964844
2019-02-08,241.95693969726562,52.720001220703125
2019-02-11,242.0911407470703,52.40999984741211
2019-02-12,245.20436096191406,53.099998474121094
2019-02-13,246.00048828125,53.900001525878906
2019-02-14,245.4547576904297,54.40999984741211
2019-02-15,248.129638671875,55.59000015258789
2019-02-19,248.55902099609375,56.09000015258789
2019-02-20,249.05987548828125,56.91999816894531
2019-02-21,248.17430114746094,56.959999084472656
2019-02-22,249.71302795410156,57.2599983215332
2019-02-25,250.0529022216797,55.47999954223633
2019-02-26,249.87405395507812,55.5
2019-02-27,249.76675415039062,56.939998626708984
2019-02-28,249.3014678955078,57.220001220703125
2019-03-01,250.85801696777344,55.79999923706055
2019-03-04,249.94561767578125,56.59000015258789
2019-03-05,249.60569763183594,56.560001373291016
2019-03-06,248.0937042236328,56.220001220703125
2019-03-07,246.01841735839844,56.65999984741211
2019-03-08,245.52635192871094,56.06999969482422
2019-03-11,249.0867462158203,56.790000915527344
2019-03-12,250.02606201171875,56.869998931884766
2019-03-13,251.6810760498047,58.2599983215332
2019-03-14,251.52001953125,58.61000061035156
2019-03-15,252.76266479492188,58.52000045776367
2019-03-18,253.67918395996094,59.09000015258789
2019-03-19,253.74209594726562,59.029998779296875
2019-03-20,252.97824096679688,59.83000183105469
2019-03-21,255.83572387695312,59.97999954223633
2019-03-22,250.91172790527344,59.040000915527344
2019-03-25,250.72315979003906,58.81999969482422
2019-03-26,252.592041015625,59.939998626708984
2019-03-27,251.2711944580078,59.40999984741211
2019-03-28,252.2235870361328,59.29999923706055
2019-03-29,253.81399536132812,60.13999938964844
2019-04-01,256.8241271972656,61.59000015258789
2019-04-02,256.9498291015625,62.58000183105469
2019-04-03,257.3541259765625,62.459999084472656
2019-04-04,258.03704833984375,62.099998474121094
2019-04-05,259.285888671875,63.08000183105469
2019-04-08,259.483642578125,64.4000015258789
2019-04-09,258.1538391113281,63.97999954223633
2019-04-10,259.0343933105469,64.61000061035156
2019-04-11,258.9624938964844,63.58000183105469
2019-04-12,260.71466064453125,63.88999938964844
2019-04-15,260.54388427734375,63.400001525878906
2019-04-16,260.71466064453125,64.05000305175781
2019-04-17,260.0765686035156,63.7599983215332
2019-04-18,260.58880615234375,64.0
2019-04-22,260.8133850097656,65.69999694824219
2019-04-23,263.1585998535156,66.30000305175781
2019-04-24,262.5745544433594,65.88999938964844
2019-04-25,262.4127197265625,65.20999908447266
2019-04-26,263.6347351074219,63.29999923706055
2019-04-29,264.04815673828125,63.5
2019-04-30,264.1828918457031,63.90999984741211
2019-05-01,262.1972351074219,63.599998474121094
2019-05-02,261.631103515625,61.810001373291016
2019-05-03,264.1918640136719,61.939998626708984
2019-05-06,263.1047668457031,62.25
2019-05-07,258.7108459472656,61.400001525878906
2019-05-08,258.3514709472656,62.119998931884766
2019-05-09,257.5698547363281,61.70000076293945
2019-05-10,258.86370849609375,61.65999984741211
2019-05-13,252.35833740234375,61.040000915527344
2019-05-14,254.64060974121094,61.779998779296875
2019-05-15,256.13214111328125,62.02000045776367
2019-05-16,258.50421142578125,62.869998931884766
2019-05-17,256.8329772949219,62.7599983215332
2019-05-20,255.13479614257812,63.099998474121094
2019-05-21,257.4350280761719,62.9900016784668
2019-05-22,256.6443176269531,61.41999816894531
2019-05-23,253.5084991455078,57.90999984741211
2019-05-24,254.08358764648438,58.630001068115234
2019-05-28,251.7203826904297,59.13999938964844
2019-05-29,250.0311279296875,58.810001373291016
2019-05-30,250.7140655517578,56.59000015258789
2019-05-31,247.33563232421875,53.5
2019-06-03,246.7066650390625,53.25
2019-06-04,252.0618896484375,53.47999954223633
2019-06-05,254.2452392578125,51.68000030517578
2019-06-06,255.8985137939453,52.59000015258789
2019-06-07,258.45928955078125,53.9900016784668
2019-06-10,259.6453552246094,53.2599983215332
2019-06-11,259.58245849609375,53.27000045776367
2019-06-12,259.12420654296875,51.13999938964844
2019-06-13,260.1935119628906,52.279998779296875
2019-06-14,259.9058837890625,52.5099983215332
2019-06-17,260.0047607421875,51.93000030517578
2019-06-18,262.72723388671875,53.900001525878906
2019-06-19,263.3202819824219,53.7599983215332
2019-06-20,265.83612060546875,56.650001525878906
2019-06-21,265.4497375488281,57.43000030517578
2019-06-24,265.12481689453125,57.900001525878906
2019-06-25,262.5243225097656,57.83000183105469
2019-06-26,262.2625427246094,59.380001068115234
2019-06-27,263.1925354003906,59.43000030517578
2019-06-28,264.54681396484375,58.470001220703125
2019-07-01,266.9485168457031,59.09000015258789
2019-07-02,267.6438293457031,56.25
2019-07-03,269.78363037109375,57.34000015258789
2019-07-05,269.4765625,57.5099983215332
2019-07-08,267.99591064453125,57.65999984741211
2019-07-09,268.32989501953125,57.83000183105469
2019-07-10,269.612060546875,60.43000030517578
2019-07-11,270.24407958984375,60.20000076293945
2019-07-12,271.4539794921875,60.209999084472656
2019-07-15,271.5442199707031,59.58000183105469
2019-07-16,270.66839599609375,57.619998931884766
2019-07-17,268.8265380859375,56.779998779296875
2019-07-18,269.8106689453125,55.29999923706055
2019-07-19,268.3119201660156,55.630001068115234
2019-07-22,268.97100830078125,56.220001220703125
2019-07-23,270.8940734863281,56.77000045776367
2019-07-24,272.1671142578125,55.880001068115234
2019-07-25,270.8669738769531,56.02000045776367
2019-07-26,272.68182373046875,56.20000076293945
2019-07-29,272.1852111816406,56.869998931884766
2019-07-30,271.5171813964844,58.04999923706055
2019-07-31,268.5465393066406,58.58000183105469
2019-08-01,266.2081604003906,53.95000076293945
2019-08-02,264.2037353515625,55.65999984741211
2019-08-05,256.25836181640625,54.689998626708984
2019-08-06,259.85174560546875,53.630001068115234
2019-08-07,260.0053405761719,51.09000015258789
2019-08-08,265.1066589355469,52.540000915527344
2019-08-09,263.3008117675781,54.5
2019-08-12,260.09564208984375,54.93000030517578
2019-08-13,264.14056396484375,57.099998474121094
2019-08-14,256.3305358886719,55.22999954223633
2019-08-15,257.0077209472656,54.470001220703125
2019-08-16,260.7998352050781,54.869998931884766
2019-08-19,263.9419250488281,56.209999084472656
2019-08-20,261.9194030761719,56.34000015258789
2019-08-21,264.0503234863281,55.68000030517578
2019-08-22,263.968994140625,55.349998474121094
2019-08-23,257.1882629394531,54.16999816894531
2019-08-26,260.0323791503906,53.63999938964844
2019-08-27,259.0120849609375,54.93000030517578
2019-08-28,260.83599853515625,55.779998779296875
2019-08-29,264.1675720214844,56.709999084472656
2019-08-30,264.0503234863281,55.099998474121094
2019-09-03,262.5063171386719,53.939998626708984
2019-09-04,265.4858093261719,56.2599983215332
2019-09-05,268.8987731933594,56.29999923706055
2019-09-06,269.1064147949219,56.52000045776367
2019-09-09,269.24188232421875,57.849998474121094
2019-09-10,269.17864990234375,57.400001525878906
2019-09-11,271.0927734375,55.75
2019-09-12,272.0318603515625,55.09000015258789
2019-09-13,271.8511657714844,54.849998474121094
2019-09-16,271.01153564453125,62.900001525878906
2019-09-17,271.69775390625,59.34000015258789
2019-09-18,271.86029052734375,58.11000061035156
2019-09-19,271.84210205078125,58.130001068115234
2019-09-20,270.55780029296875,58.09000015258789
2019-09-23,270.4942932128906,58.63999938964844
2019-09-24,268.3717346191406,57.290000915527344
2019-09-25,269.9591064453125,56.4900016784668
2019-09-26,269.39678955078125,56.40999984741211
2019-09-27,267.9454345703125,55.90999984741211
2019-09-30,269.18817138671875,54.06999969482422
2019-10-01,265.9862365722656,53.619998931884766
2019-10-02,261.2877197265625,52.63999938964844
2019-10-03,263.4283142089844,52.45000076293945
2019-10-04,266.9930725097656,52.810001373291016
2019-10-07,265.84112548828125,52.75
2019-10-08,261.7139587402344,52.630001068115234
2019-10-09,264.1992492675781,52.59000015258789
2019-10-10,265.9862365722656,53.54999923706055
2019-10-11,268.74365234375,54.70000076293945
2019-10-14,268.44439697265625,53.59000015258789
2019-10-15,271.1020812988281,52.810001373291016
2019-10-16,270.6666259765625,53.36000061035156
2019-10-17,271.4649353027344,53.93000030517578
2019-10-18,270.27655029296875,53.779998779296875
2019-10-21,272.1088562011719,53.310001373291016
2019-10-22,271.2200012207031,54.15999984741211
2019-10-23,272.009033203125,55.970001220703125
2019-10-24,272.4534912109375,56.22999954223633
2019-10-25,273.5693054199219,56.65999984741211
2019-10-28,275.1112060546875,55.810001373291016
2019-10-29,275.02960205078125,55.540000915527344
2019-10-30,275.8731689453125,55.060001373291016
2019-10-31,275.1384582519531,54.18000030517578
2019-11-01,277.68731689453125,56.20000076293945
2019-11-04,278.8029479980469,56.540000915527344
2019-11-05,278.4945068359375,57.22999954223633
2019-11-06,278.5580139160156,56.349998474121094
2019-11-07,279.5376892089844,57.150001525878906
2019-11-08,280.22711181640625,57.2400016784668
2019-11-11,279.6918640136719,56.86000061035156
2019-11-12,280.2815246582031,56.79999923706055
2019-11-13,280.3721008300781,57.119998931884766
2019-11-14,280.7803649902344,56.77000045776367
2019-11-15,282.8121643066406,57.720001220703125
2019-11-18,283.020751953125,57.04999923706055
2019-11-19,282.9391784667969,55.209999084472656
2019-11-20,281.88690185546875,57.11000061035156
2019-11-21,281.4334716796875,58.58000183105469
2019-11-22,282.0592956542969,57.77000045776367
2019-11-25,284.2454528808594,58.0099983215332
2019-11-26,284.8893127441406,58.40999984741211
2019-11-27,286.1592102050781,58.11000061035156
2019-11-29,285.0978698730469,55.16999816894531
2019-12-02,282.6761779785156,55.959999084472656
2019-12-03,280.7803649902344,56.099998474121094
2019-12-04,282.5128173828125,58.43000030517578
2019-12-05,283.020751953125,58.43000030517578
2019-12-06,285.60595703125,59.20000076293945
2019-12-09,284.7079162597656,59.02000045776367
2019-12-10,284.3904113769531,59.2400016784668
2019-12-11,285.19769287109375,58.7599983215332
2019-12-12,287.6559143066406,59.18000030517578
2019-12-13,287.8282470703125,60.06999969482422
2019-12-16,289.8055725097656,60.209999084472656
2019-12-17,289.8691101074219,60.939998626708984
2019-12-18,289.88720703125,60.93000030517578
2019-12-19,291.075439453125,61.220001220703125
2019-12-20,292.3516540527344,60.439998626708984
2019-12-23,292.7982177734375,60.52000045776367
2019-12-24,292.8074035644531,61.11000061035156
2019-12-26,294.3661193847656,61.68000030517578
2019-12-27,294.2930908203125,61.720001220703125
2019-12-30,292.6705627441406,61.68000030517578
2019-12-31,293.381591796875,61.060001373291016
2020-01-02,296.12530517578125,61.18000030517578
2020-01-03,293.8830261230469,63.04999923706055
2020-01-06,295.00408935546875,63.27000045776367
2020-01-07,294.17462158203125,62.70000076293945
2020-01-08,295.7424621582031,59.61000061035156
2020-01-09,297.7477722167969,59.560001373291016
2020-01-10,296.89093017578125,59.040000915527344
2020-01-13,298.9327392578125,58.08000183105469
2020-01-14,298.4770202636719,58.22999954223633
2020-01-15,299.1515197753906,57.810001373291016
2020-01-16,301.6400451660156,58.52000045776367
2020-01-17,302.578857421875,58.540000915527344
2020-01-21,301.98638916015625,58.34000015258789
2020-01-22,302.0227966308594,56.7400016784668
2020-01-23,302.3692321777344,55.59000015258789
2020-01-24,299.68017578125,54.189998626708984
2020-01-27,294.8764343261719,53.13999938964844
2020-01-28,297.966552734375,53.47999954223633
2020-01-29,297.7204284667969,53.33000183105469
2020-01-30,298.6867370605469,52.13999938964844
2020-01-31,293.2630920410156,51.560001373291016
2020-02-03,295.441650390625,50.11000061035156
2020-02-04,299.9446105957031,49.61000061035156
2020-02-05,303.4082946777344,50.75
2020-02-06,304.4291687011719,50.95000076293945
2020-02-07,302.8067932128906,50.31999969482422
2020-02-10,305.0672302246094,49.56999969482422
2020-02-11,305.59600830078125,49.939998626708984
2020-02-12,307.56488037109375,51.16999816894531
2020-02-13,307.23675537109375,51.41999816894531
2020-02-14,307.72900390625,52.04999923706055
2020-02-18,306.9359130859375,52.04999923706055
2020-02-19,308.4034423828125,53.290000915527344
2020-02-20,307.1363830566406,53.779998779296875
2020-02-21,303.9735107421875,53.380001068115234
2020-02-24,293.89208984375,51.43000030517578
2020-02-25,284.9864501953125,49.900001525878906
2020-02-26,283.9382629394531,48.72999954223633
2020-02-27,271.1861267089844,47.09000015258789
2020-02-28,270.0467529296875,44.7599983215332
2020-03-02,281.7415466308594,46.75
2020-03-03,273.67449951171875,47.18000030517578
2020-03-04,285.177978515625,46.779998779296875
2020-03-05,275.6981506347656,45.900001525878906
2020-03-06,271.140625,41.279998779296875
2020-03-09,249.9659423828125,31.1299991607666
2020-03-10,262.900390625,34.36000061035156
2020-03-11,250.08448791503906,32.97999954223633
2020-03-12,226.1570587158203,31.5
2020-03-13,245.4903564453125,31.729999542236328
2020-03-16,218.6278839111328,28.700000762939453
2020-03-17,230.43209838867188,26.950000762939453
2020-03-18,218.76466369628906,20.3700008392334
2020-03-19,219.22950744628906,25.219999313354492
2020-03-20,209.781982421875,22.43000030517578
2020-03-23,204.41824340820312,23.360000610351562
2020-03-24,222.93919372558594,24.010000228881836
2020-03-25,226.276611328125,24.489999771118164
2020-03-26,239.4888916015625,22.600000381469727
2020-03-27,232.3555450439453,21.510000228881836
2020-03-30,239.9014434814453,20.09000015258789
2020-03-31,236.3256378173828,20.479999542236328
2020-04-01,225.6898651123047,20.309999465942383
2020-04-02,230.89773559570312,25.31999969482422
2020-04-03,227.56028747558594,28.34000015258789
2020-04-06,242.84466552734375,26.079999923706055
2020-04-07,243.09222412109375,23.6299991607666
2020-04-08,251.2524871826172,25.09000015258789
2020-04-09,255.0758056640625,22.760000228881836
2020-04-13,252.74696350097656,22.40999984741211
2020-04-14,260.2012023925781,20.110000610351562
2020-04-15,254.67245483398438,19.8700008392334
2020-04-16,255.9010467529297,19.8700008392334
2020-04-17,262.8143310546875,18.270000457763672
2020-04-20,258.1841125488281,-37.630001068115234
2020-04-21,250.34469604492188,10.010000228881836
2020-04-22,255.9010467529297,13.779999732971191
2020-04-23,255.88267517089844,16.5
2020-04-24,259.4493713378906,16.940000534057617
2020-04-27,263.1901550292969,12.779999732971191
2020-04-28,261.97991943359375,12.34000015258789
2020-04-29,268.8382568359375,15.0600004196167
2020-04-30,266.3351135253906,18.84000015258789
2020-05-01,259.2843322753906,19.780000686645508
2020-05-04,259.99951171875,20.389999389648438
2020-05-05,262.4017028808594,24.559999465942383
2020-05-06,260.62298583984375,23.989999771118164
2020-05-07,263.7677917480469,23.549999237060547
2020-05-08,268.13214111328125,24.739999771118164
2020-05-11,268.1872253417969,24.139999389648438
2020-05-12,262.8417053222656,25.780000686645508
2020-05-13,258.19329833984375,25.290000915527344
2020-05-14,261.2831115722656,27.559999465942383
2020-05-15,262.4842834472656,29.43000030517578
2020-05-18,270.4794006347656,31.81999969482422
2020-05-19,267.7013244628906,32.5
2020-05-20,272.2489318847656,33.4900016784668
2020-05-21,270.3694152832031,33.91999816894531
2020-05-22,270.88287353515625,33.25
2020-05-26,274.2202453613281,34.349998474121094
2020-05-27,278.3003845214844,32.810001373291016
2020-05-28,277.7869567871094,33.709999084472656
2020-05-29,279.0247802734375,35.4900016784668
2020-06-01,280.1524658203125,35.439998626708984
2020-06-02,282.47216796875,36.810001373291016
2020-06-03,286.2314147949219,37.290000915527344
2020-06-04,285.4795837402344,37.40999984741211
2020-06-05,292.79620361328125,39.54999923706055
2020-06-08,296.33538818359375,38.189998626708984
2020-06-09,294.12579345703125,38.939998626708984
2020-06-10,292.4844665527344,39.599998474121094
2020-06-11,275.6230773925781,36.34000015258789
2020-06-12,278.92388916015625,36.2599983215332
2020-06-15,281.52783203125,37.119998931884766
2020-06-16,286.9465026855469,38.380001068115234
2020-06-17,285.7545471191406,37.959999084472656
2020-06-18,285.8646545410156,38.84000015258789
2020-06-19,284.2309875488281,39.75
2020-06-22,286.0543212890625,40.459999084472656
2020-06-23,287.3712158203125,40.369998931884766
2020-06-24,280.040771484375,38.0099983215332
2020-06-25,283.04290771484375,38.720001220703125
2020-06-26,276.3202209472656,38.4900016784668
2020-06-29,280.3814697265625,39.70000076293945
2020-06-30,283.9730224609375,39.27000045776367
2020-07-01,285.96221923828125,39.81999969482422
2020-07-02,287.53704833984375,40.650001525878906
2020-07-06,291.975830078125,40.630001068115234
2020-07-07,288.9644775390625,40.619998931884766
2020-07-08,291.1746520996094,40.900001525878906
2020-07-09,289.5169372558594,39.619998931884766
2020-07-10,292.4731750488281,40.54999923706055
2020-07-13,289.9405517578125,40.099998474121094
2020-07-14,293.6980285644531,40.290000915527344
2020-07-15,296.39617919921875,41.20000076293945
2020-07-16,295.4200439453125,40.75
2020-07-17,296.2764587402344,40.59000015258789
2020-07-20,298.67083740234375,40.810001373291016
2020-07-21,299.3063049316406,41.959999084472656
2020-07-22,301.010009765625,41.900001525878906
2020-07-23,297.4184875488281,41.06999969482422
2020-07-24,295.5029602050781,41.290000915527344
2020-07-27,297.65789794921875,41.599998474121094
2020-07-28,295.76995849609375,41.040000915527344
2020-07-29,299.4075622558594,41.27000045776367
2020-07-30,298.3392639160156,39.91999816894531
2020-07-31,300.6968994140625,40.27000045776367
2020-08-03,302.787353515625,41.0099983215332
2020-08-04,303.9569091796875,41.70000076293945
2020-08-05,305.8448486328125,42.189998626708984
2020-08-06,307.8891906738281,41.95000076293945
2020-08-07,308.1102600097656,41.220001220703125
2020-08-10,309.0311584472656,41.939998626708984
2020-08-11,306.48016357421875,41.61000061035156
2020-08-12,310.7532653808594,42.66999816894531
2020-08-13,310.1915588378906,42.2400016784668
2020-08-14,310.20068359375,42.0099983215332
2020-08-17,311.18603515625,42.88999938964844
2020-08-18,311.8583679199219,42.88999938964844
2020-08-19,310.5599060058594,42.93000030517578
2020-08-20,311.5268249511719,42.58000183105469
2020-08-21,312.6319580078125,42.34000015258789
2020-08-24,315.7999267578125,42.619998931884766
2020-08-25,316.9049987792969,43.349998474121094
2020-08-26,320.0821228027344,43.38999938964844
2020-08-27,320.7820739746094,43.040000915527344
2020-08-28,322.8540344238281,42.970001220703125
2020-08-31,321.6846008300781,42.61000061035156
2020-09-01,324.71435546875,42.7599983215332
2020-09-02,329.41094970703125,41.5099983215332
2020-09-03,318.0744934082031,41.369998931884766
2020-09-04,315.47760009765625,39.77000045776367
2020-09-08,306.85784912109375,36.7599983215332
2020-09-09,312.9173889160156,38.04999923706055
2020-09-10,307.4840087890625,37.29999923706055
2020-09-11,307.640625,37.33000183105469
2020-09-14,311.6925964355469,37.2599983215332
2020-09-15,313.267333984375,38.279998779296875
2020-09-16,312.024169921875,40.15999984741211
2020-09-17,309.2797546386719,40.970001220703125
2020-09-18,305.7191467285156,41.11000061035156
2020-09-21,302.316650390625,39.310001373291016
2020-09-22,305.3955078125,39.599998474121094
2020-09-23,298.3131103515625,39.93000030517578
2020-09-24,299.10821533203125,40.310001373291016
2020-09-25,303.9439697265625,40.25
2020-09-28,308.99224853515625,40.599998474121094
2020-09-29,307.30950927734375,39.290000915527344
2020-09-30,309.639404296875,40.220001220703125
2020-10-01,311.62738037109375,38.720001220703125
2020-10-02,308.66864013671875,37.04999923706055
2020-10-05,314.1423034667969,39.220001220703125
2020-10-06,309.6764831542969,40.66999816894531
2020-10-07,315.06683349609375,39.95000076293945
2020-10-08,317.85919189453125,41.189998626708984
2020-10-09,320.6977233886719,40.599998474121094
2020-10-12,325.8570251464844,39.43000030517578
2020-10-13,323.7304382324219,40.20000076293945
2020-10-14,321.6963195800781,41.040000915527344
2020-10-15,321.2987060546875,40.959999084472656
2020-10-16,321.1044921875,40.880001068115234
2020-10-19,316.2226867675781,40.83000183105469
2020-10-20,317.48931884765625,41.459999084472656
2020-10-21,316.88836669921875,40.029998779296875
2020-10-22,318.6266784667969,40.63999938964844
2020-10-23,319.7084045410156,39.849998474121094
2020-10-26,313.8001708984375,38.560001373291016
2020-10-27,312.7184143066406,39.56999969482422
2020-10-28,302.02996826171875,37.38999938964844
2020-10-29,305.0997009277344,36.16999816894531
2020-10-30,301.9190979003906,35.790000915527344
2020-11-02,305.3030700683594,36.810001373291016
2020-11-03,310.6935119628906,37.65999984741211
2020-11-04,317.63726806640625,39.150001525878906
2020-11-05,323.8321533203125,38.790000915527344
2020-11-06,323.7581787109375,37.13999938964844
2020-11-09,327.82635498046875,40.290000915527344
2020-11-10,327.3456115722656,41.36000061035156
2020-11-11,329.7772521972656,41.45000076293945
2020-11-12,326.578125,41.119998931884766
2020-11-13,331.0994873046875,40.130001068115234
2020-11-16,335.2323913574219,41.34000015258789
2020-11-17,333.42938232421875,41.43000030517578
2020-11-18,329.4166259765625,41.81999969482422
2020-11-19,330.8035583496094,41.7400016784668
2020-11-20,328.5382385253906,42.150001525878906
2020-11-23,330.50762939453125,43.060001373291016
2020-11-24,335.8334045410156,44.90999984741211
2020-11-25,335.3156433105469,45.709999084472656
2020-11-27,336.24951171875,45.529998779296875
2020-11-30,334.7608642578125,45.34000015258789
2020-12-01,338.4222717285156,44.54999923706055
2020-12-02,339.1342468261719,45.279998779296875
2020-12-03,339.0417785644531,45.63999938964844
2020-12-04,341.9635009765625,46.2599983215332
2020-12-07,341.2607727050781,45.7599983215332
2020-12-08,342.2594299316406,45.599998474121094
2020-12-09,339.189697265625,45.52000045776367
2020-12-10,339.0788269042969,46.779998779296875
2020-12-11,338.68121337890625,46.56999969482422
2020-12-14,337.1648254394531,46.9900016784668
2020-12-15,341.7231140136719,47.619998931884766
2020-12-16,342.2594299316406,47.81999969482422
2020-12-17,344.17327880859375,48.36000061035156
2020-12-18,342.7990417480469,49.099998474121094
2020-12-21,341.57342529296875,47.7400016784668
2020-12-22,340.9976806640625,47.02000045776367
2020-12-23,341.3040771484375,48.119998931884766
2020-12-24,342.6319274902344,48.22999954223633
2020-12-28,345.57537841796875,47.619998931884766
2020-12-29,344.9161071777344,48.0
2020-12-30,345.408203125,48.400001525878906
2020-12-31,347.1631774902344,48.52000045776367
2021-01-04,342.43695068359375,47.619998931884766
2021-01-05,344.7954406738281,49.93000030517578
2021-01-06,346.8567199707031,50.630001068115234
2021-01-07,352.01025390625,50.83000183105469
2021-01-08,354.015869140625,52.2400016784668
2021-01-11,351.62945556640625,52.25
2021-01-12,351.70379638671875,53.209999084472656
2021-01-13,352.65081787109375,52.90999984741211
2021-01-14,351.4158630371094,53.56999969482422
2021-01-15,348.8531799316406,52.36000061035156
2021-01-19,351.59234619140625,52.97999954223633
2021-01-20,356.4579162597656,53.2400016784668
2021-01-21,356.78289794921875,53.130001068115234
2021-01-22,355.52008056640625,52.27000045776367
2021-01-25,356.9222106933594,52.77000045776367
2021-01-26,356.36505126953125,52.61000061035156
2021-01-27,347.65533447265625,52.849998474121094
2021-01-28,350.6452331542969,52.34000015258789
2021-01-29,343.6254577636719,52.20000076293945
2021-02-01,349.3452453613281,53.54999923706055
2021-02-02,354.2851257324219,54.7599983215332
2021-02-03,354.56365966796875,55.689998626708984
2021-02-04,358.5934753417969,56.22999954223633
2021-02-05,360.00494384765625,56.849998474121094
2021-02-08,362.60491943359375,57.970001220703125
2021-02-09,362.3634033203125,58.36000061035156
2021-02-10,362.20556640625,58.68000030517578
2021-02-11,362.79058837890625,58.2400016784668
2021-02-12,364.5826110839844,59.470001220703125
2021-02-16,364.26690673828125,60.04999923706055
2021-02-17,364.3505554199219,61.13999938964844
2021-02-18,362.79986572265625,60.52000045776367
2021-02-19,362.15911865234375,59.2400016784668
2021-02-22,359.37359619140625,61.4900016784668
2021-02-23,359.80999755859375,61.66999816894531
2021-02-24,363.7747497558594,63.220001220703125
2021-02-25,355.0093078613281,63.529998779296875
2021-02-26,353.18017578125,61.5
2021-03-01,361.7413024902344,60.63999938964844
2021-03-02,358.9185485839844,59.75
2021-03-03,354.1643981933594,61.279998779296875
2021-03-04,349.78173828125,63.83000183105469
2021-03-05,356.2164306640625,66.08999633789062
2021-03-08,354.4429931640625,65.05000305175781
2021-03-09,359.5035400390625,64.01000213623047
2021-03-10,361.7413024902344,64.44000244140625
2021-03-11,365.4090576171875,66.0199966430664
2021-03-12,365.9011535644531,65.61000061035156
2021-03-15,368.083251953125,65.38999938964844
2021-03-16,367.61895751953125,64.80000305175781
2021-03-17,368.87255859375,64.5999984741211
2021-03-18,363.50555419921875,60.0
2021-03-19,362.8329772949219,61.41999816894531
2021-03-22,365.73016357421875,61.54999923706055
2021-03-23,362.8515625,57.7599983215332
2021-03-24,361.0069885253906,61.18000030517578
2021-03-25,363.03790283203125,58.560001373291016
2021-03-26,368.88818359375,60.970001220703125
2021-03-29,368.7019958496094,61.560001373291016
2021-03-30,367.7237548828125,60.54999923706055
2021-03-31,369.2142333984375,59.15999984741211
2021-04-01,373.20135498046875,61.45000076293945
2021-04-05,378.55804443359375,58.650001525878906
2021-04-06,378.33453369140625,59.33000183105469
2021-04-07,378.77227783203125,59.77000045776367
2021-04-08,380.5703125,59.599998474121094
2021-04-09,383.33709716796875,59.31999969482422
2021-04-12,383.4768371582031,59.70000076293945
2021-04-13,384.61334228515625,60.18000030517578
2021-04-14,383.2998352050781,63.150001525878906
2021-04-15,387.4174499511719,63.459999084472656
2021-04-16,388.71240234375,63.130001068115234
2021-04-19,386.80255126953125,63.380001068115234
2021-04-20,383.9705810546875,62.439998626708984
2021-04-21,387.6037292480469,61.349998474121094
2021-04-22,384.0637512207031,61.43000030517578
2021-04-23,388.2279052734375,62.13999938964844
2021-04-26,389.0382995605469,61.90999984741211
2021-04-27,388.9544982910156,62.939998626708984
2021-04-28,388.8427429199219,63.86000061035156
2021-04-29,391.3207092285156,65.01000213623047
2021-04-30,388.74957275390625,63.58000183105469
2021-05-03,389.5880126953125,64.48999786376953
2021-05-04,387.1845703125,65.69000244140625
2021-05-05,387.3055725097656,65.62999725341797
2021-05-06,390.39849853515625,64.70999908447266
2021-05-07,393.2397766113281,64.9000015258789
2021-05-10,389.3457946777344,64.91999816894531
2021-05-11,385.8710021972656,65.27999877929688
2021-05-12,377.6730651855469,66.08000183105469
2021-05-13,382.20989990234375,63.81999969482422
2021-05-14,388.078857421875,65.37000274658203
2021-05-17,387.0914001464844,66.2699966430664
2021-05-18,383.7562561035156,65.48999786376953
2021-05-19,382.7501220703125,63.36000061035156
2021-05-20,386.8677673339844,62.04999923706055
2021-05-21,386.551025390625,63.58000183105469
2021-05-24,390.4915771484375,66.05000305175781
2021-05-25,389.625244140625,66.06999969482422
2021-05-26,390.39849853515625,66.20999908447266
2021-05-27,390.6034240722656,66.8499984741211
2021-05-28,391.3021240234375,66.31999969482422
2021-06-01,390.95745849609375,67.72000122070312
2021-06-02,391.5723571777344,68.83000183105469
2021-06-03,390.1190490722656,68.80999755859375
2021-06-04,393.6869812011719,69.62000274658203
2021-06-07,393.3050842285156,69.2300033569336
2021-06-08,393.3888854980469,70.05000305175781
2021-06-09,392.80194091796875,69.95999908447266
2021-06-10,394.6278381347656,70.29000091552734
2021-06-11,395.27996826171875,70.91000366210938
2021-06-14,396.1650085449219,70.87999725341797
2021-06-15,395.4383239746094,72.12000274658203
2021-06-16,393.2304382324219,72.1500015258789
2021-06-17,393.1000671386719,71.04000091552734
2021-06-18,387.7969970703125,71.63999938964844
2021-06-21,393.3486633300781,73.66000366210938
2021-06-22,395.45159912109375,73.05999755859375
2021-06-23,394.97503662109375,73.08000183105469
2021-06-24,397.3115234375,73.30000305175781
2021-06-25,398.7227783203125,74.05000305175781
2021-06-28,399.52655029296875,72.91000366210938
2021-06-29,399.74163818359375,72.9800033569336
2021-06-30,400.0779724121094,73.47000122070312
2021-07-01,402.29315185546875,75.2300033569336
2021-07-02,405.36810302734375,75.16000366210938
2021-07-06,404.6296081542969,73.37000274658203
2021-07-07,406.0596923828125,72.19999694824219
2021-07-08,402.7511291503906,72.94000244140625
2021-07-09,407.0503845214844,74.55999755859375
2021-07-12,408.5084533691406,74.0999984741211
2021-07-13,407.1158142089844,75.25
2021-07-14,407.7232971191406,73.12999725341797
2021-07-15,406.33062744140625,71.6500015258789
2021-07-16,403.1436462402344,71.80999755859375
2021-07-19,397.1899719238281,66.41999816894531
2021-07-20,402.8819274902344,67.41999816894531
2021-07-21,406.143798828125,70.30000305175781
2021-07-22,406.99432373046875,71.91000366210938
2021-07-23,411.1814880371094,72.06999969482422
2021-07-26,412.19085693359375,71.91000366210938
2021-07-27,410.3122253417969,71.6500015258789
2021-07-28,410.1439514160156,72.38999938964844
2021-07-29,411.8450622558594,73.62000274658203
2021-07-30,409.844970703125,73.94999694824219
2021-08-02,408.985107421875,71.26000213623047
2021-08-03,412.3123474121094,70.55999755859375
2021-08-04,410.2842102050781,68.1500015258789
2021-08-05,412.88250732421875,69.08999633789062
2021-08-06,413.56475830078125,68.27999877929688
2021-08-09,413.22833251953125,66.4800033569336
2021-08-10,413.7422790527344,68.29000091552734
2021-08-11,414.7704162597656,69.25
2021-08-12,416.0134582519531,69.08999633789062
2021-08-13,416.7705383300781,68.44000244140625
2021-08-16,417.751953125,67.29000091552734
2021-08-17,415.0134582519531,66.58999633789062
2021-08-18,410.47113037109375,65.45999908447266
2021-08-19,411.1066589355469,63.689998626708984
2021-08-20,414.3779296875,62.31999969482422
2021-08-23,418.02294921875,65.63999938964844
2021-08-24,418.6864318847656,67.54000091552734
2021-08-25,419.5650939941406,68.36000061035156
2021-08-26,417.08837890625,67.41999816894531
2021-08-27,420.8175048828125,68.73999786376953
2021-08-30,422.6680908203125,69.20999908447266
2021-08-31,422.0418395996094,68.5
2021-09-01,422.2661437988281,68.58999633789062
2021-09-02,423.5653076171875,69.98999786376953
2021-09-03,423.4625244140625,69.29000091552734
2021-09-07,421.9483642578125,68.3499984741211
2021-09-08,421.4342956542969,69.30000305175781
2021-09-09,419.63055419921875,68.13999938964844
2021-09-10,416.3218994140625,69.72000122070312
2021-09-13,417.3873596191406,70.44999694824219
2021-09-14,415.1349182128906,70.45999908447266
2021-09-15,418.60247802734375,72.61000061035156
2021-09-16,417.9388427734375,72.61000061035156
2021-09-17,413.86761474609375,71.97000122070312
2021-09-20,406.9667663574219,70.29000091552734
2021-09-21,406.58233642578125,70.55999755859375
2021-09-22,410.54840087890625,72.2300033569336
2021-09-23,415.5366516113281,73.30000305175781
2021-09-24,416.2211608886719,73.9800033569336
2021-09-27,415.0302734375,75.44999694824219
2021-09-28,406.666748046875,75.29000091552734
2021-09-29,407.35113525390625,74.83000183105469
2021-09-30,402.3724060058594,75.02999877929688
2021-10-01,407.154296875,75.87999725341797
2021-10-04,401.9035949707031,77.62000274658203
2021-10-05,406.0854187011719,78.93000030517578
2021-10-06,407.7731018066406,77.43000030517578
2021-10-07,411.29864501953125,78.30000305175781
2021-10-08,410.54840087890625,79.3499984741211
2021-10-11,407.57623291015625,80.5199966430664
2021-10-12,406.5728759765625,80.63999938964844
2021-10-13,408.03564453125,80.44000244140625
2021-10-14,414.8990783691406,81.30999755859375
2021-10-15,418.05889892578125,82.27999877929688
2021-10-18,419.29644775390625,82.44000244140625
2021-10-19,422.53131103515625,82.95999908447266
2021-10-20,424.19091796875,83.87000274658203
2021-10-21,425.2973937988281,82.5
2021-10-22,424.85662841796875,83.76000213623047
2021-10-25,427.135009765625,83.76000213623047
2021-10-26,427.51947021484375,84.6500015258789
2021-10-27,425.6255187988281,82.66000366210938
2021-10-28,429.7322692871094,82.80999755859375
2021-10-29,430.6042785644531,83.56999969482422
2021-11-01,431.34503173828125,84.05000305175781
2021-11-02,433.0889587402344,83.91000366210938
2021-11-03,435.73309326171875,80.86000061035156
2021-11-04,437.7865295410156,78.80999755859375
2021-11-05,439.3054504394531,81.2699966430664
2021-11-08,439.6804504394531,81.93000030517578
2021-11-09,438.22711181640625,84.1500015258789
2021-11-10,434.70166015625,81.33999633789062
2021-11-11,434.8423156738281,81.58999633789062
2021-11-12,438.1239929199219,80.79000091552734
2021-11-15,438.2740783691406,80.87999725341797
2021-11-16,440.0086975097656,80.76000213623047
2021-11-17,438.9397888183594,78.36000061035156
2021-11-18,440.4306640625,79.01000213623047
2021-11-19,439.6429443359375,76.0999984741211
2021-11-22,438.4053039550781,76.75
2021-11-23,438.9866638183594,78.5
2021-11-24,440.1586608886719,78.38999938964844
2021-11-26,430.3417663574219,68.1500015258789
2021-11-29,435.6205749511719,69.94999694824219
2021-11-30,427.1444396972656,66.18000030517578
2021-12-01,422.40008544921875,65.56999969482422
2021-12-02,428.86968994140625,66.5
2021-12-03,425.1379699707031,66.26000213623047
2021-12-06,430.1730041503906,69.48999786376953
2021-12-07,439.0710144042969,72.05000305175781
2021-12-08,440.2336730957031,72.36000061035156
2021-12-09,437.2614440917969,70.94000244140625
2021-12-10,441.3775939941406,71.66999816894531
2021-12-13,437.4677429199219,71.29000091552734
2021-12-14,434.4577941894531,70.7300033569336
2021-12-15,441.2463684082031,70.87000274658203
2021-12-16,437.35516357421875,72.37999725341797
2021-12-17,432.7004699707031,70.86000061035156
2021-12-20,428.09942626953125,68.2300033569336
2021-12-21,435.70196533203125,71.12000274658203
2021-12-22,440.0584411621094,72.76000213623047
2021-12-23,442.7965393066406,73.79000091552734
2021-12-27,449.0630187988281,75.56999969482422
2021-12-28,448.6961364746094,75.9800033569336
2021-12-29,449.2700500488281,76.55999755859375
2021-12-30,448.0279846191406,76.98999786376953
2021-12-31,446.8989562988281,75.20999908447266
2022-01-03,449.4864501953125,76.08000183105469
2022-01-04,449.3359680175781,76.98999786376953
2022-01-05,440.7076721191406,77.8499984741211
2022-01-06,440.293701171875,79.45999908447266
2022-01-07,438.5529479980469,78.9000015258789
2022-01-10,438.00726318359375,78.2300033569336
2022-01-11,441.99676513671875,81.22000122070312
2022-01-12,443.1916809082031,82.63999938964844
2022-01-13,437.0851135253906,82.12000274658203
2022-01-14,437.2639465332031,83.81999969482422
2022-01-18,429.5201416015625,85.43000030517578
2022-01-19,425.06024169921875,86.95999908447266
2022-01-20,420.3556213378906,86.9000015258789
2022-01-21,412.1037292480469,85.13999938964844
2022-01-24,413.85394287109375,83.30999755859375
2022-01-25,408.8011779785156,85.5999984741211
2022-01-26,407.7754821777344,87.3499984741211
2022-01-27,405.761962890625,86.61000061035156
2022-01-28,415.8391418457031,86.81999969482422
2022-01-31,423.3289489746094,88.1500015258789
2022-02-01,426.1893310546875,88.19999694824219
2022-02-02,430.329345703125,88.26000213623047
2022-02-03,420.2144470214844,90.2699966430664
2022-02-04,422.1904296875,92.30999755859375
2022-02-07,420.8354797363281,91.31999969482422
2022-02-08,424.2980651855469,89.36000061035156
2022-02-09,430.5080871582031,89.66000366210938
2022-02-10,422.77374267578125,89.87999725341797
2022-02-11,414.4372253417969,93.0999984741211
2022-02-14,413.0822448730469,95.45999908447266
2022-02-15,419.74407958984375,92.06999969482422
2022-02-16,420.2144470214844,93.66000366210938
2022-02-17,411.2381896972656,91.76000213623047
2022-02-18,408.5752258300781,91.06999969482422
2022-02-22,404.1906433105469,92.3499984741211
2022-02-23,397.0208740234375,92.0999984741211
2022-02-24,402.9956359863281,92.80999755859375
2022-02-25,411.88726806640625,91.58999633789062
2022-02-28,410.8335876464844,95.72000122070312
2022-03-01,404.576416015625,103.41000366210938
2022-03-02,412.01904296875,110.5999984741211
2022-03-03,409.96783447265625,107.66999816894531
2022-03-04,406.636962890625,115.68000030517578
2022-03-07,394.64971923828125,119.4000015258789
2022-03-08,391.6575622558594,123.69999694824219
2022-03-09,402.1582336425781,108.69999694824219
2022-03-10,400.34228515625,106.0199966430664
2022-03-11,395.2518615722656,109.33000183105469
2022-03-14,392.3633117675781,103.01000213623047
2022-03-15,400.9914855957031,96.44000244140625
2022-03-16,409.8831481933594,95.04000091552734
2022-03-17,415.0111999511719,102.9800033569336
2022-03-18,419.55670166015625,104.69999694824219
2022-03-21,419.43402099609375,112.12000274658203
2022-03-22,424.342041015625,111.76000213623047
2022-03-23,418.8771667480469,114.93000030517578
2022-03-24,425.1914978027344,112.33999633789062
2022-03-25,427.2679443359375,113.9000015258789
2022-03-28,430.30706787109375,105.95999908447266
2022-03-29,435.6303405761719,104.23999786376953
2022-03-30,432.9404602050781,107.81999969482422
2022-03-31,426.2768859863281,100.27999877929688
2022-04-01,427.4849853515625,99.2699966430664
2022-04-04,431.14715576171875,103.27999877929688
2022-04-05,425.7011413574219,101.95999908447266
2022-04-06,421.44439697265625,96.2300033569336
2022-04-07,423.5679931640625,96.02999877929688
2022-04-08,422.4354248046875,98.26000213623047
2022-04-11,415.215087890625,94.29000091552734
2022-04-12,413.6766052246094,100.5999984741211
2022-04-13,418.4146728515625,104.25
2022-04-14,413.2047119140625,106.94999694824219
2022-04-18,413.37457275390625,108.20999908447266
2022-04-19,420.0475769042969,102.55999755859375
2022-04-20,419.736083984375,102.75
2022-04-21,413.45947265625,103.79000091552734
2022-04-22,402.11456298828125,102.06999969482422
2022-04-25,404.4457702636719,98.54000091552734
2022-04-26,392.7326965332031,101.69999694824219
2022-04-27,393.8370056152344,102.0199966430664
2022-04-28,403.78515625,105.36000061035156
2022-04-29,388.8629150390625,104.69000244140625
2022-05-02,391.2037353515625,105.16999816894531
2022-05-03,392.9969787597656,102.41000366210938
2022-05-04,404.9648742675781,107.80999755859375
2022-05-05,390.5713195800781,108.26000213623047
2022-05-06,388.24005126953125,109.7699966430664
2022-05-09,375.8096008300781,103.08999633789062
2022-05-10,376.67803955078125,99.76000213623047
2022-05-11,370.6940002441406,105.70999908447266
2022-05-12,370.30694580078125,106.12999725341797
2022-05-13,379.16021728515625,110.48999786376953
2022-05-16,377.62176513671875,114.19999694824219
2022-05-17,385.3896484375,112.4000015258789
2022-05-18,369.85400390625,109.58999633789062
2022-05-19,367.5887451171875,112.20999908447266
2022-05-20,367.7491760253906,113.2300033569336
2022-05-23,374.6298828125,110.29000091552734
2022-05-24,371.77001953125,109.7699966430664
2022-05-25,375.0545654296875,110.33000183105469
2022-05-26,382.5486755371094,114.08999633789062
2022-05-27,391.93994140625,115.06999969482422
2022-05-31,389.7406921386719,114.66999816894531
2022-06-01,386.58831787109375,115.26000213623047
2022-06-02,393.9502258300781,116.87000274658203
2022-06-03,387.4850158691406,118.87000274658203
2022-06-06,388.66473388671875,118.5
2022-06-07,392.3929138183594,119.41000366210938
2022-06-08,388.12677001953125,122.11000061035156
2022-06-09,378.89599609375,121.51000213623047
2022-06-10,367.9096984863281,120.66999816894531
2022-06-13,353.9408264160156,120.93000030517578
2022-06-14,352.8742980957031,118.93000030517578
2022-06-15,357.9049987792969,115.30999755859375
2022-06-16,346.0597229003906,117.58999633789062
2022-06-17,346.8058166503906,109.55999755859375
2022-06-21,355.5361022949219,110.6500015258789
2022-06-22,354.8914794921875,106.19000244140625
2022-06-23,358.3703308105469,104.2699966430664
2022-06-24,369.76434326171875,107.62000274658203
2022-06-27,368.3519592285156,109.56999969482422
2022-06-28,360.82550048828125,111.76000213623047
2022-06-29,360.5316162109375,109.77999877929688
2022-06-30,357.60260009765625,105.76000213623047
2022-07-01,361.384765625,108.43000030517578
2022-07-05,362.0672302246094,99.5
2022-07-06,363.29010009765625,98.52999877929688
2022-07-07,368.7311096191406,102.7300033569336
2022-07-08,368.4278564453125,104.79000091552734
2022-07-11,364.21905517578125,104.08999633789062
2022-07-12,360.9961242675781,95.83999633789062
2022-07-13,359.10028076171875,96.30000305175781
2022-07-14,358.2281799316406,95.77999877929688
2022-07-15,365.0721435546875,97.58999633789062
2022-07-18,362.0577697753906,102.5999984741211
2022-07-19,371.84027099609375,104.22000122070312
2022-07-20,374.21002197265625,102.26000213623047
2022-07-21,378.02069091796875,96.3499984741211
2022-07-22,374.513427734375,94.69999694824219
2022-07-25,374.9684753417969,96.69999694824219
2022-07-26,370.5322265625,94.9800033569336
2022-07-27,380.15350341796875,97.26000213623047
2022-07-28,384.9215393066406,96.41999816894531
2022-07-29,390.5332946777344,98.62000274658203
2022-08-01,389.3768005371094,93.88999938964844
2022-08-02,386.8080139160156,94.41999816894531
2022-08-03,392.8651428222656,90.66000366210938
2022-08-04,392.59967041015625,88.54000091552734
2022-08-05,391.93621826171875,89.01000213623047
2022-08-08,391.48114013671875,90.76000213623047
2022-08-09,389.92657470703125,90.5
2022-08-10,398.1166076660156,91.93000030517578
2022-08-11,398.1166076660156,94.33999633789062
2022-08-12,404.8563232421875,92.08999633789062
2022-08-15,406.5246276855469,89.41000366210938
2022-08-16,407.3209533691406,86.52999877929688
2022-08-17,404.4297790527344,88.11000061035156
2022-08-18,405.60516357421875,90.5
2022-08-19,400.1546936035156,90.7699966430664
2022-08-22,391.8224182128906,90.2300033569336
2022-08-23,390.8745422363281,93.73999786376953
2022-08-24,392.125732421875,94.88999938964844
2022-08-25,397.6616516113281,92.5199966430664
2022-08-26,384.201171875,93.05999755859375
2022-08-29,381.6607666015625,97.01000213623047
2022-08-30,377.470947265625,91.63999938964844
2022-08-31,374.5987243652344,89.55000305175781
2022-09-01,375.7742004394531,86.61000061035156
2022-09-02,371.81182861328125,86.87000274658203
2022-09-06,370.40887451171875,86.87999725341797
2022-09-07,377.0633239746094,81.94000244140625
2022-09-08,379.5279235839844,83.54000091552734
2022-09-09,385.42401123046875,86.79000091552734
2022-09-12,389.5663757324219,87.77999877929688
2022-09-13,372.62713623046875,87.30999755859375
2022-09-14,374.0489196777344,88.4800033569336
2022-09-15,369.8022766113281,85.0999984741211
2022-09-16,366.9810791015625,85.11000061035156
2022-09-19,369.8269958496094,85.7300033569336
2022-09-20,365.58184814453125,84.44999694824219
2022-09-21,359.2047424316406,82.94000244140625
2022-09-22,356.18756103515625,83.48999786376953
2022-09-23,350.2197265625,78.73999786376953
2022-09-26,346.75506591796875,76.70999908447266
2022-09-27,345.8699035644531,78.5
2022-09-28,352.67529296875,82.1500015258789
2022-09-29,345.3083190917969,81.2300033569336
2022-09-30,339.96856689453125,79.48999786376953
2022-10-03,348.9442138671875,83.62999725341797
2022-10-04,359.7568054199219,86.5199966430664
2022-10-05,358.91925048828125,87.76000213623047
2022-10-06,355.2167053222656,88.44999694824219
2022-10-07,345.3083190917969,92.63999938964844
2022-10-10,342.6717834472656,91.12999725341797
2022-10-11,340.50164794921875,89.3499984741211
2022-10-12,339.3785705566406,87.2699966430664
2022-10-13,348.3350524902344,89.11000061035156
2022-10-14,340.39697265625,85.61000061035156
2022-10-17,349.1440734863281,85.45999908447266
2022-10-18,353.2464599609375,82.81999969482422
2022-10-19,350.7431640625,85.55000305175781
2022-10-20,347.80206298828125,85.9800033569336
2022-10-21,356.25421142578125,85.05000305175781
2022-10-24,360.61346435546875,84.58000183105469
2022-10-25,366.3719482421875,85.31999969482422
2022-10-26,363.6115417480469,87.91000366210938
2022-10-27,361.6700439453125,89.08000183105469
2022-10-28,370.2742919921875,87.9000015258789
2022-10-31,367.59979248046875,86.52999877929688
2022-11-01,365.9912109375,88.37000274658203
2022-11-02,356.8061828613281,90.0
2022-11-03,353.1322326660156,88.16999816894531
2022-11-04,358.2148742675781,92.61000061035156
2022-11-07,361.6413879394531,91.79000091552734
2022-11-08,363.59259033203125,88.91000366210938
2022-11-09,356.10186767578125,85.83000183105469
2022-11-10,375.671142578125,86.47000122070312
2022-11-11,379.3071594238281,88.95999908447266
2022-11-14,376.0804138183594,85.87000274658203
2022-11-15,379.2880554199219,86.91999816894531
2022-11-16,376.39447021484375,85.58999633789062
2022-11-17,375.2427978515625,81.63999938964844
2022-11-18,376.94659423828125,80.08000183105469
2022-11-21,375.5758972167969,79.7300033569336
2022-11-22,380.63006591796875,80.94999694824219
2022-11-23,383.0286865234375,77.94000244140625
2022-11-25,382.9430236816406,76.27999877929688
2022-11-28,376.8323669433594,77.23999786376953
2022-11-29,376.1851806640625,78.19999694824219
2022-11-30,388.0351867675781,80.55000305175781
2022-12-01,387.7496643066406,81.22000122070312
2022-12-02,387.3023376464844,79.9800033569336
2022-12-05,380.3350830078125,76.93000030517578
2022-12-06,374.8526306152344,74.25
2022-12-07,374.2148742675781,72.01000213623047
2022-12-08,377.1464538574219,71.45999908447266
2022-12-09,374.32916259765625,71.0199966430664
2022-12-12,379.72589111328125,73.16999816894531
2022-12-13,382.6003112792969,75.38999938964844
2022-12-14,380.1542053222656,77.27999877929688
2022-12-15,370.85498046875,76.11000061035156
2022-12-16,366.4766540527344,74.29000091552734
2022-12-19,363.36895751953125,75.19000244140625
2022-12-20,363.8662414550781,76.08999633789062
2022-12-21,369.30694580078125,78.29000091552734
2022-12-22,364.038330078125,77.48999786376953
2022-12-23,366.13238525390625,79.55999755859375
2022-12-27,364.6885070800781,79.52999877929688
2022-12-28,360.15625,78.95999908447266
2022-12-29,366.6391296386719,78.4000015258789
2022-12-30,365.6734619140625,80.26000213623047
2023-01-03,364.1340026855469,76.93000030517578
2023-01-04,366.9451599121094,72.83999633789062
2023-01-05,362.7570495605469,73.66999816894531
2023-01-06,371.07586669921875,73.7699966430664
2023-01-09,370.865478515625,74.62999725341797
2023-01-10,373.46630859375,75.12000274658203
2023-01-11,378.18988037109375,77.41000366210938
2023-01-12,379.56671142578125,78.38999938964844
2023-01-13,381.039306640625,79.86000061035156
2023-01-17,380.3412780761719,80.18000030517578
2023-01-18,374.33648681640625,79.4800033569336
2023-01-19,371.61138916015625,80.33000183105469
2023-01-20,378.53411865234375,81.30999755859375
2023-01-23,383.07598876953125,81.62000274658203
2023-01-24,382.6648254394531,80.12999725341797
2023-01-25,382.8082275390625,80.1500015258789
2023-01-26,387.0154724121094,81.01000213623047
2023-01-27,387.9046936035156,79.68000030517578
2023-01-30,383.0377502441406,77.9000015258789
2023-01-31,388.6696472167969,78.87000274658203
2023-02-01,392.8003845214844,76.41000366210938
2023-02-02,398.5183410644531,75.87999725341797
2023-02-03,394.2825012207031,73.38999938964844
2023-02-06,391.87286376953125,74.11000061035156
2023-02-07,396.99798583984375,77.13999938964844
2023-02-08,392.656982421875,78.47000122070312
2023-02-09,389.2528991699219,78.05999755859375
2023-02-10,390.1612854003906,79.72000122070312
2023-02-13,394.74139404296875,80.13999938964844
2023-02-14,394.5597229003906,79.05999755859375
2023-02-15,395.8410339355469,78.58999633789062
2023-02-16,390.3907470703125,78.48999786376953
2023-02-17,389.4154357910156,76.33999633789062
2023-02-21,381.6034851074219,76.16000366210938
2023-02-22,381.0775451660156,73.94999694824219
2023-02-23,383.1047058105469,75.38999938964844
2023-02-24,379.01220703125,76.31999969482422
2023-02-27,380.3030090332031,75.68000030517578
2023-02-28,378.8974304199219,77.05000305175781
2023-03-01,377.44403076171875,77.69000244140625
2023-03-02,380.3795166015625,78.16000366210938
2023-03-03,386.47998046875,79.68000030517578
2023-03-06,386.7476806640625,80.45999908447266
2023-03-07,380.8193664550781,77.58000183105469
2023-03-08,381.4409484863281,76.66000366210938
2023-03-09,374.40338134765625,75.72000122070312
2023-03-10,369.0008850097656,76.68000030517578
2023-03-13,368.4750061035156,74.80000305175781
2023-03-14,374.56591796875,71.33000183105469
2023-03-15,372.2232666015625,67.61000061035156
2023-03-16,378.7539978027344,68.3499984741211
2023-03-17,374.3253173828125,66.73999786376953
2023-03-20,377.9246826171875,67.63999938964844
2023-03-21,382.8871154785156,69.33000183105469
2023-03-22,376.3601989746094,70.9000015258789
2023-03-23,377.3776550292969,69.95999908447266
2023-03-24,379.8539733886719,69.26000213623047
2023-03-27,380.5642395019531,72.80999755859375
2023-03-28,379.7099914550781,73.19999694824219
2023-03-29,385.22906494140625,72.97000122070312
2023-03-30,387.48468017578125,74.37000274658203
2023-03-31,392.9461364746094,75.66999816894531
2023-04-03,394.4434509277344,80.41999816894531
2023-04-04,392.2550048828125,80.70999908447266
2023-04-05,391.2279968261719,80.61000061035156
2023-04-06,392.754150390625,80.69999694824219
2023-04-10,393.1572570800781,79.73999786376953
2023-04-11,393.2628479003906,81.52999877929688
2023-04-12,391.6598815917969,83.26000213623047
2023-04-13,396.8622741699219,82.16000366210938
2023-04-14,395.8927917480469,82.5199966430664
2023-04-17,397.3133544921875,80.83000183105469
2023-04-18,397.5724792480469,80.86000061035156
2023-04-19,397.50531005859375,79.16000366210938
2023-04-20,395.33612060546875,77.29000091552734
2023-04-21,395.64324951171875,77.87000274658203
2023-04-24,396.0559997558594,78.76000213623047
2023-04-25,389.76904296875,77.06999969482422
2023-04-26,388.1181945800781,74.30000305175781
2023-04-27,395.8448486328125,74.76000213623047
2023-04-28,399.2234191894531,76.77999877929688
2023-05-01,398.8203430175781,75.66000366210938
2023-05-02,394.3378601074219,71.66000366210938
2023-05-03,391.631103515625,68.5999984741211
2023-05-04,388.8572082519531,68.55999755859375
2023-05-05,396.0559997558594,71.33999633789062
2023-05-08,396.1615295410156,73.16000366210938
2023-05-09,394.42425537109375,73.70999908447266
2023-05-10,396.2671203613281,72.55999755859375
2023-05-11,395.5760498046875,70.87000274658203
2023-05-12,395.0577392578125,70.04000091552734
2023-05-15,396.42071533203125,71.11000061035156
2023-05-16,393.7716369628906,70.86000061035156
2023-05-17,398.55157470703125,72.83000183105469
2023-05-18,402.3908386230469,71.86000061035156
2023-05-19,401.8052673339844,71.55000305175781
2023-05-22,401.9685363769531,71.98999786376953
2023-05-23,397.4573669433594,72.91000366210938
2023-05-24,394.5778503417969,74.33999633789062
2023-05-25,397.9947814941406,71.83000183105469
2023-05-26,403.1491394042969,72.66999816894531
2023-05-30,403.3027648925781,69.45999908447266
2023-05-31,401.0662536621094,68.08999633789062
2023-06-01,404.8768005371094,70.0999984741211
2023-06-02,410.7318420410156,71.73999786376953
2023-06-05,409.9447937011719,72.1500015258789
2023-06-06,410.83734130859375,71.73999786376953
2023-06-07,409.4168395996094,72.52999877929688
2023-06-08,411.89324951171875,71.29000091552734
2023-06-09,412.6322937011719,70.16999816894531
2023-06-12,416.3756408691406,67.12000274658203
2023-06-13,419.1208190917969,69.41999816894531
2023-06-14,419.6199035644531,68.2699966430664
2023-06-15,424.8221435546875,70.62000274658203
2023-06-16,423.37506103515625,71.77999877929688
2023-06-20,421.1786193847656,70.5
2023-06-21,419.02056884765625,72.52999877929688
2023-06-22,420.5331115722656,69.51000213623047
2023-06-23,417.3538818359375,69.16000366210938
2023-06-26,415.6486511230469,69.37000274658203
2023-06-27,420.2055969238281,67.69999694824219
2023-06-28,420.41754150390625,69.55999755859375
2023-06-29,422.0744934082031,69.86000061035156
2023-06-30,427.05535888671875,70.63999938964844
2023-07-03,427.54669189453125,69.79000091552734
2023-07-05,426.910888671875,71.79000091552734
2023-07-06,423.5677795410156,71.80000305175781
2023-07-07,422.4984436035156,73.86000061035156
2023-07-10,423.5677795410156,72.98999786376953
2023-07-11,426.265380859375,74.83000183105469
2023-07-12,429.6950378417969,75.75
2023-07-13,433.10546875,76.88999938964844
2023-07-14,432.8357238769531,75.41999816894531
2023-07-17,434.3385925292969,74.1500015258789
2023-07-18,437.5660400390625,75.75
2023-07-19,438.5390625,75.3499984741211
2023-07-20,435.6296081542969,75.62999725341797
2023-07-21,435.6296081542969,77.06999969482422
2023-07-24,437.57568359375,78.73999786376953
2023-07-25,438.770263671875,79.62999725341797
2023-07-26,438.8376770019531,78.77999877929688
2023-07-27,435.9282531738281,80.08999633789062
2023-07-28,440.1961364746094,80.58000183105469
2023-07-31,441.0342712402344,81.80000305175781
2023-08-01,439.7721862792969,81.37000274658203
2023-08-02,433.6546325683594,79.48999786376953
2023-08-03,432.41180419921875,81.55000305175781
2023-08-04,430.45611572265625,82.81999969482422
2023-08-07,434.21337890625,81.94000244140625
2023-08-08,432.32513427734375,82.91999816894531
2023-08-09,429.4349365234375,84.4000015258789
2023-08-10,429.5889892578125,82.81999969482422
2023-08-11,429.3385009765625,83.19000244140625
2023-08-14,431.70855712890625,82.51000213623047
2023-08-15,426.67962646484375,80.98999786376953
2023-08-16,423.5485534667969,79.37999725341797
2023-08-17,420.3211975097656,80.38999938964844
2023-08-18,420.5234680175781,81.25
2023-08-21,423.2595520019531,80.72000122070312
2023-08-22,422.1130676269531,80.3499984741211
2023-08-23,426.81451416015625,78.88999938964844
2023-08-24,420.8992614746094,79.05000305175781
2023-08-25,423.86651611328125,79.83000183105469
2023-08-28,426.55438232421875,80.0999984741211
2023-08-29,432.7200927734375,81.16000366210938
2023-08-30,434.50238037109375,81.62999725341797
2023-08-31,433.8665771484375,83.62999725341797
2023-09-01,434.67578125,85.55000305175781
2023-09-05,432.7971496582031,86.69000244140625
2023-09-06,429.8877258300781,87.54000091552734
2023-09-07,428.5679626464844,86.87000274658203
2023-09-08,429.2133483886719,87.51000213623047
2023-09-11,432.0361022949219,87.29000091552734
2023-09-12,429.6661376953125,88.83999633789062
2023-09-13,430.1670837402344,88.5199966430664
2023-09-14,433.8761901855469,90.16000366210938
2023-09-15,428.64874267578125,90.7699966430664
2023-09-18,428.9001159667969,91.4800033569336
2023-09-19,428.0106201171875,91.19999694824219
2023-09-20,424.07574462890625,90.27999877929688
2023-09-21,417.0665588378906,89.62999725341797
2023-09-22,416.1287536621094,90.02999877929688
2023-09-25,417.8785705566406,89.68000030517578
2023-09-26,411.7394104003906,90.38999938964844
2023-09-27,411.9037780761719,93.68000030517578
2023-09-28,414.2917175292969,91.70999908447266
2023-09-29,413.28631591796875,90.79000091552734
2023-10-02,413.1219482421875,88.81999969482422
2023-10-03,407.59185791015625,89.2300033569336
2023-10-04,410.5599670410156,84.22000122070312
2023-10-05,410.4052429199219,82.30999755859375
2023-10-06,415.2778625488281,82.79000091552734
2023-10-09,417.9366149902344,86.37999725341797
2023-10-10,420.1119079589844,85.97000122070312
2023-10-11,421.8327941894531,83.48999786376953
2023-10-12,419.2611389160156,82.91000366210938
2023-10-13,417.1728515625,87.69000244140625
2023-10-16,421.56207275390625,86.66000366210938
2023-10-17,421.5427551269531,86.66000366210938
2023-10-18,415.9256896972656,88.31999969482422
2023-10-19,412.27117919921875,89.37000274658203
2023-10-20,407.2052001953125,88.75
2023-10-23,406.4994201660156,85.48999786376953
2023-10-24,409.56414794921875,83.73999786376953
2023-10-25,403.6860046386719,85.38999938964844
2023-10-26,398.85205078125,83.20999908447266
2023-10-27,397.04412841796875,85.54000091552734
2023-10-30,401.7911376953125,82.30999755859375
2023-10-31,404.3144226074219,81.0199966430664
2023-11-01,408.62640380859375,80.44000244140625
2023-11-02,416.45745849609375,82.45999908447266
2023-11-03,420.2569274902344,80.51000213623047
2023-11-06,421.2236633300781,80.81999969482422
2023-11-07,422.4225769042969,77.37000274658203
2023-11-08,422.7319030761719,75.33000183105469
2023-11-09,419.4351501464844,75.73999786376953
2023-11-10,425.9803161621094,77.16999816894531
2023-11-13,425.5742492675781,78.26000213623047
2023-11-14,433.8307800292969,78.26000213623047
2023-11-15,434.7491760253906,76.66000366210938
2023-11-16,435.2809143066406,72.9000015258789
2023-11-17,435.8223571777344,75.88999938964844
2023-11-20,439.1771240234375,77.5999984741211
2023-11-21,438.219970703125,77.7699966430664
2023-11-22,439.91192626953125,77.0999984741211
2023-11-24,440.1825866699219,75.54000091552734
2023-11-27,439.3898620605469,74.86000061035156
2023-11-28,439.8248596191406,76.41000366210938
2023-11-29,439.5155334472656,77.86000061035156
2023-11-30,441.2460632324219,75.95999908447266
2023-12-01,443.8564453125,74.06999969482422
2023-12-04,441.52642822265625,73.04000091552734
2023-12-05,441.4394836425781,72.31999969482422
2023-12-06,439.6606140136719,69.37999725341797
2023-12-07,443.01531982421875,69.33999633789062
2023-12-08,444.9198913574219,71.2300033569336
2023-12-11,446.65045166015625,71.31999969482422
2023-12-12,448.6904296875,68.61000061035156
2023-12-13,454.87786865234375,69.47000122070312
2023-12-14,456.3377380371094,71.58000183105469
2023-12-15,455.5863952636719,71.43000030517578
2023-12-18,458.1490783691406,72.47000122070312
2023-12-19,460.9350280761719,73.44000244140625
2023-12-20,454.5478210449219,74.22000122070312
2023-12-21,458.8577880859375,73.88999938964844
2023-12-22,459.7799377441406,73.55999755859375
2023-12-26,461.72137451171875,75.56999969482422
2023-12-27,462.5561828613281,74.11000061035156
2023-12-28,462.7309265136719,71.7699966430664
2023-12-29,461.39129638671875,71.6500015258789
2024-01-02,458.80926513671875,70.37999725341797
2024-01-03,455.0622253417969,72.69999694824219
2024-01-04,453.5964660644531,72.19000244140625
2024-01-05,454.21771240234375,73.80999755859375
2024-01-08,460.70208740234375,70.7699966430664
2024-01-09,460.003173828125,72.23999786376953
2024-01-10,462.6047058105469,71.37000274658203
2024-01-11,462.40087890625,72.0199966430664
2024-01-12,462.7212219238281,72.68000030517578
2024-01-16,461.0224609375,72.4000015258789
2024-01-17,458.4597473144531,72.55999755859375
2024-01-18,462.5367431640625,74.08000183105469
2024-01-19,468.3027648925781,73.41000366210938
2024-01-22,469.2929992675781,75.19000244140625
2024-01-23,470.66162109375,74.37000274658203
2024-01-24,471.1761779785156,75.08999633789062
2024-01-25,473.7388610839844,77.36000061035156
2024-01-26,473.1369934082031,78.01000213623047
2024-01-29,476.8839111328125,76.77999877929688
2024-01-30,476.5151062011719,77.81999969482422
2024-01-31,468.7396545410156,75.8499984741211
2024-02-01,474.8745422363281,73.81999969482422
2024-02-02,479.8737487792969,72.27999877929688
2024-02-05,478.1264953613281,72.77999877929688
2024-02-06,479.5146484375,73.30999755859375
2024-02-07,483.51397705078125,73.86000061035156
2024-02-08,483.7275390625,76.22000122070312
2024-02-09,486.523193359375,76.83999633789062
2024-02-12,486.3096618652344,76.91999816894531
2024-02-13,479.6116638183594,77.87000274658203
2024-02-14,483.9701843261719,76.63999938964844
2024-02-15,487.3094482421875,78.02999877929688
2024-02-16,484.8826599121094,79.19000244140625
2024-02-20,482.2132263183594,78.18000030517578
2024-02-21,482.6500244140625,77.91000366210938
2024-02-22,492.6387023925781,78.61000061035156
2024-02-23,492.9784851074219,76.48999786376953
2024-02-26,491.1728820800781,77.58000183105469
2024-02-27,492.08538818359375,78.87000274658203
2024-02-28,491.4350280761719,78.54000091552734
2024-02-29,493.20172119140625,78.26000213623047
2024-03-01,497.83203125,79.97000122070312
2024-03-04,497.2981262207031,78.73999786376953
2024-03-05,492.32806396484375,78.1500015258789
2024-03-06,494.82275390625,79.12999725341797
2024-03-07,499.7345886230469,78.93000030517578
2024-03-08,496.735107421875,78.01000213623047
2024-03-11,496.3080139160156,77.93000030517578
2024-03-12,501.64691162109375,77.55999755859375
2024-03-13,500.8606262207031,79.72000122070312
2024-03-14,499.8705139160156,81.26000213623047
2024-03-15,496.4381408691406,81.04000091552734
2024-03-18,499.3885498046875,82.72000122070312
2024-03-19,502.1637268066406,83.47000122070312
2024-03-20,506.808349609375,81.68000030517578
2024-03-21,508.4832458496094,81.06999969482422
2024-03-22,507.51922607421875,80.62999725341797
2024-03-25,506.1170349121094,81.94999694824219
2024-03-26,505.1822814941406,81.62000274658203
2024-03-27,509.42767333984375,81.3499984741211
2024-03-28,509.3303527832031,83.16999816894531
2024-04-01,508.4442138671875,83.70999908447266
2024-04-02,505.2115173339844,85.1500015258789
2024-04-03,505.76641845703125,85.43000030517578
2024-04-04,499.5930480957031,86.58999633789062
2024-04-05,504.8122253417969,86.91000366210938
2024-04-08,505.09454345703125,86.43000030517578
2024-04-09,505.67877197265625,85.2300033569336
2024-04-10,500.61541748046875,86.20999908447266
2024-04-11,504.3934631347656,85.0199966430664
2024-04-12,497.4313659667969,85.66000366210938
2024-04-15,491.199462890625,85.41000366210938
2024-04-16,490.3035888671875,85.36000061035156
2024-04-17,487.40191650390625,82.69000244140625
2024-04-18,486.3989562988281,82.7300033569336
2024-04-19,482.15350341796875,83.13999938964844
2024-04-22,486.59368896484375,82.8499984741211
2024-04-23,492.3678894042969,83.36000061035156
2024-04-24,492.13427734375,82.80999755859375
2024-04-25,490.2646484375,83.56999969482422
2024-04-26,494.90936279296875,83.8499984741211
2024-04-29,496.6620788574219,82.62999725341797
2024-04-30,488.7943420410156,81.93000030517578
2024-05-01,487.20709228515625,79.0
2024-05-02,491.7641906738281,78.94999694824219
2024-05-03,497.85980224609375,78.11000061035156
2024-05-06,503.0011291503906,78.4800033569336
2024-05-07,503.5561218261719,78.37999725341797
2024-05-08,503.60479736328125,78.98999786376953
2024-05-09,506.50653076171875,79.26000213623047
2024-05-10,507.1590270996094,78.26000213623047
2024-05-13,507.2270812988281,79.12000274658203
2024-05-14,509.55438232421875,78.0199966430664
2024-05-15,515.8641357421875,78.62999725341797
2024-05-16,514.802734375,79.2300033569336
2024-05-17,515.542724609375,80.05999755859375
2024-05-20,516.13671875,79.80000305175781
2024-05-21,517.4026489257812,79.26000213623047
2024-05-22,515.9127197265625,77.56999969482422
2024-05-23,512.14453125,76.87000274658203
2024-05-24,515.5330810546875,77.72000122070312
2024-05-28,515.893310546875,79.83000183105469
2024-05-29,512.2807006835938,79.2300033569336
2024-05-30,508.8824768066406,77.91000366210938
2024-05-31,513.5174560546875,76.98999786376953
2024-06-03,513.9361572265625,74.22000122070312
2024-06-04,514.5105590820312,73.25
2024-06-05,520.6256713867188,74.06999969482422
2024-06-06,520.6159057617188,75.55000305175781
2024-06-07,519.9830932617188,75.52999877929688
2024-06-10,521.589599609375,77.73999786376953
2024-06-11,522.8457641601562,77.9000015258789
2024-06-12,527.1398315429688,78.5
2024-06-13,528.2012939453125,78.62000274658203
2024-06-14,528.522705078125,78.44999694824219
2024-06-17,532.7291259765625,80.33000183105469
2024-06-18,534.0826416015625,81.56999969482422
2024-06-20,532.6317749023438,82.16999816894531
2024-06-21,531.917724609375,80.7300033569336
2024-06-24,530.1885986328125,81.62999725341797
2024-06-25,532.2302856445312,80.83000183105469
2024-06-26,532.89453125,80.9000015258789
2024-06-27,533.7346801757812,81.73999786376953
2024-06-28,531.6344604492188,81.54000091552734
2024-07-01,532.7284545898438,83.37999725341797
2024-07-02,536.3135986328125,82.80999755859375
2024-07-03,538.7069702148438,83.87999725341797
2024-07-05,541.8134765625,83.16000366210938
2024-07-08,542.4385986328125,82.33000183105469
2024-07-09,542.9661254882812,81.41000366210938
2024-07-10,548.3388671875,82.0999984741211
2024-07-11,543.6109008789062,82.62000274658203
2024-07-12,547.0397338867188,82.20999908447266
2024-07-15,548.5441284179688,81.91000366210938
2024-07-16,551.7969970703125,80.76000213623047
2024-07-17,544.0601806640625,82.8499984741211
2024-07-18,539.8792114257812,82.81999969482422
2024-07-19,536.2940673828125,80.12999725341797
2024-07-22,541.8231811523438,79.77999877929688
2024-07-23,540.9732666015625,76.95999908447266
2024-07-24,528.7134399414062,77.58999633789062
2024-07-25,525.9588012695312,78.27999877929688
2024-07-26,531.8493041992188,77.16000366210938
2024-07-29,532.1619873046875,75.80999755859375
2024-07-30,529.4656982421875,74.7300033569336
2024-07-31,538.0720825195312,77.91000366210938
2024-08-01,530.4523315429688,76.30999755859375
2024-08-02,520.5762939453125,73.5199966430664
2024-08-05,505.4150695800781,72.94000244140625
2024-08-06,510.0748596191406,73.19999694824219
2024-08-07,506.6653747558594,75.2300033569336
2024-08-08,518.378173828125,76.19000244140625
2024-08-09,520.6641235351562,76.83999633789062
2024-08-12,520.9376831054688,80.05999755859375
2024-08-13,529.5047607421875,78.3499984741211
2024-08-14,531.1752319335938,76.9800033569336
2024-08-15,540.2798461914062,78.16000366210938
2024-08-16,541.4911499023438,76.6500015258789
2024-08-19,546.66845703125,74.37000274658203
2024-08-20,545.779541015625,74.04000091552734
2024-08-21,547.6550903320312,71.93000030517578
2024-08-22,543.3568115234375,73.01000213623047
2024-08-23,549.1301879882812,74.83000183105469
2024-08-26,547.8212280273438,77.41999816894531
2024-08-27,548.5733642578125,75.52999877929688
2024-08-28,545.3887329101562,74.5199966430664
2024-08-29,545.4376220703125,75.91000366210938
2024-08-30,550.644287109375,73.55000305175781
2024-09-03,539.3126220703125,70.33999633789062
2024-09-04,538.208740234375,69.19999694824219
2024-09-05,536.8997192382812,69.1500015258789
2024-09-06,527.863525390625,67.66999816894531
2024-09-09,533.7737426757812,68.70999908447266
2024-09-10,536.0986328125,65.75
2024-09-11,541.5985107421875,67.30999755859375
2024-09-12,546.1605224609375,68.97000122070312
2024-09-13,549.0130004882812,68.6500015258789
2024-09-16,549.8238525390625,70.08999633789062
2024-09-17,550.0484619140625,71.19000244140625
2024-09-18,548.4169921875,70.91000366210938
2024-09-19,557.7755737304688,71.94999694824219
2024-09-20,556.8113403320312,71.91999816894531
2024-09-23,558.2026977539062,70.37000274658203
2024-09-24,559.7999267578125,71.55999755859375
2024-09-25,558.5652465820312,69.69000244140625
2024-09-26,560.7798461914062,67.66999816894531
2024-09-27,559.9664306640625,68.18000030517578
2024-09-30,562.21044921875,68.16999816894531
2024-10-01,557.1738891601562,69.83000183105469
2024-10-02,557.4089965820312,70.0999984741211
2024-10-03,556.3899536132812,73.70999908447266
2024-10-04,561.446044921875,74.37999725341797
2024-10-07,556.370361328125,77.13999938964844
2024-10-08,561.63232421875,73.56999969482422
2024-10-09,565.5223388671875,73.23999786376953
2024-10-10,564.53271484375,75.8499984741211
2024-10-11,567.913330078125,75.55999755859375
2024-10-14,572.557861328125,73.83000183105469
2024-10-15,568.109375,70.58000183105469
2024-10-16,570.5785522460938,70.38999938964844
2024-10-17,570.6275634765625,70.66999816894531
2024-10-18,572.8224487304688,69.22000122070312
2024-10-21,571.8817749023438,70.55999755859375
2024-10-22,571.5780639648438,72.08999633789062
2024-10-23,566.355224609375,70.7699966430664
2024-10-24,567.5801391601562,70.19000244140625
2024-10-25,567.3841552734375,71.77999877929688
2024-10-28,569.13818359375,67.37999725341797
2024-10-29,570.0592651367188,67.20999908447266
2024-10-30,568.334716796875,68.61000061035156
2024-10-31,557.1934814453125,69.26000213623047
2024-11-01,559.5451049804688,69.48999786376953
2024-11-04,558.3399658203125,71.47000122070312
2024-11-05,565.0911865234375,71.98999786376953
2024-11-06,579.1425170898438,71.69000244140625
2024-11-07,583.6205444335938,72.36000061035156
2024-11-08,586.148681640625,70.37999725341797
2024-11-11,586.707275390625,68.04000091552734
2024-11-12,584.8846435546875,68.12000274658203
2024-11-13,585.1687622070312,68.43000030517578
2024-11-14,581.4060668945312,68.69999694824219
2024-11-15,573.9591064453125,67.0199966430664
2024-11-18,576.3107299804688,69.16000366210938
2024-11-19,578.41748046875,69.38999938964844
2024-11-20,578.6134033203125,68.87000274658203
2024-11-21,581.7196655273438,70.0999984741211
2024-11-22,583.5225830078125,71.23999786376953
2024-11-25,585.5020751953125,68.94000244140625
2024-11-26,588.5592041015625,68.7699966430664
2024-11-27,586.7758178710938,68.72000122070312
2024-11-29,590.4208374023438,68.0
2024-12-02,591.4791870117188,68.0999984741211
2024-12-03,591.7534790039062,69.94000244140625
2024-12-04,595.427978515625,68.54000091552734
2024-12-05,594.4482421875,68.30000305175781
2024-12-06,595.574951171875,67.19999694824219
2024-12-09,592.5079956054688,68.37000274658203
2024-12-10,590.6658325195312,68.58999633789062
2024-12-11,595.2320556640625,70.29000091552734
2024-12-12,592.1651000976562,70.0199966430664
2024-12-13,592.0475463867188,71.29000091552734
2024-12-16,594.5755004882812,70.70999908447266
2024-12-17,592.1257934570312,70.08000183105469
2024-12-18,574.4783935546875,70.58000183105469
2024-12-19,574.302001953125,69.91000366210938
2024-12-20,581.199951171875,69.45999908447266
2024-12-23,584.6803588867188,69.23999786376953
2024-12-24,591.1790161132812,70.0999984741211
2024-12-26,591.218505859375,69.62000274658203
2024-12-27,584.9949951171875,70.5999984741211
2024-12-30,578.3192138671875,70.98999786376953
