Date,WTI,RBOB,HO
2019-01-02,46.540000915527344,55.675201177597046,71.42520117759705
2019-01-03,47.09000015258789,56.67899751663208,73.16399931907654
2019-01-04,47.959999084472656,56.607600688934326,74.30639863014221
2019-01-07,48.52000045776367,56.31360197067261,74.69279766082764
2019-01-08,49.779998779296875,57.229198694229126,76.73400092124939
2019-01-09,52.36000061035156,59.8668007850647,78.99360036849976
2019-01-10,52.59000015258789,60.0893976688385,80.0562014579773
2019-01-11,51.59000015258789,58.82939887046814,78.94739770889282
2019-01-14,50.5099983215332,57.27960205078125,77.80499839782715
2019-01-15,52.11000061035156,59.2787983417511,78.63240051269531
2019-01-16,52.310001373291016,59.4677996635437,79.57320141792297
2019-01-17,52.06999969482422,60.05999779701233,79.14059972763062
2019-01-18,53.79999923706055,61.01760149002075,80.47200036048889
2019-01-22,52.56999969482422,58.8629994392395,79.8462016582489
2019-01-23,52.619998931884766,58.19939947128296,79.32119965553284
2019-01-24,53.130001068115234,58.279197692871094,79.19519877433777
2019-01-25,53.689998626708984,58.3548002243042,79.45979762077332
2019-01-28,51.9900016784668,55.990198373794556,77.18340039253235
2019-01-29,53.310001373291016,56.737802267074585,79.69500160217285
2019-01-30,54.22999954223633,58.05660080909729,79.73279786109924
2019-01-31,53.790000915527344,57.233399391174316,78.90960144996643
2019-02-01,55.2599983215332,60.34980082511902,80.33340239524841
2019-02-04,54.560001373291016,60.156598806381226,80.11080050468445
2019-02-05,53.65999984741211,59.88779926300049,79.69500160217285
2019-02-06,54.0099983215332,61.2822003364563,80.31239891052246
2019-02-07,52.63999938964844,59.8835985660553,79.82100248336792
2019-02-08,52.720001220703125,60.748801946640015,80.15699815750122
2019-02-11,52.40999984741211,59.60639762878418,79.47239971160889
2019-02-12,53.099998474121094,59.94239830970764,80.10239911079407
2019-02-13,53.900001525878906,61.534202098846436,81.42959904670715
2019-02-14,54.40999984741211,63.35699915885925,82.80720233917236
2019-02-15,55.59000015258789,66.06180238723755,84.85259628295898
2019-02-19,56.09000015258789,65.67959904670715,83.773202419281
2019-02-20,56.91999816894531,67.12019777297974,84.76860237121582
2019-02-21,56.959999084472656,67.80480122566223,85.52459764480591
2019-02-22,57.2599983215332,67.67039895057678,85.3062014579773
2019-02-25,55.47999954223633,64.89839959144592,82.93319821357727
2019-02-26,55.5,66.62460064888,83.93699955940247
2019-02-27,56.939998626708984,68.62799763679504,84.9072003364563
2019-02-28,57.220001220703125,68.43059992790222,84.98699855804443
2019-03-01,55.79999923706055,72.67259788513184,84.04199695587158
2019-03-04,56.59000015258789,73.45799803733826,84.60060453414917
2019-03-05,56.560001373291016,74.23080110549927,84.68880414962769
2019-03-06,56.220001220703125,75.13800144195557,84.6804027557373
2019-03-07,56.65999984741211,75.82680058479309,84.53340339660645
2019-03-08,56.06999969482422,75.67139983177185,83.99159860610962
2019-03-11,56.790000915527344,76.69199895858765,83.75639963150024
2019-03-12,56.869998931884766,76.25100088119507,83.39940047264099
2019-03-13,58.2599983215332,77.98559832572937,83.66820001602173
2019-03-14,58.61000061035156,77.67899751663208,83.36579990386963
2019-03-15,58.52000045776367,78.02339959144592,82.64340019226074
2019-03-18,59.09000015258789,79.07759928703308,82.6979992389679
2019-03-19,59.029998779296875,79.51020097732544,83.59679818153381
2019-03-20,59.83000183105469,80.49719953536987,84.34020137786865
2019-03-21,59.97999954223633,80.65260028839111,83.45820021629333
2019-03-22,59.040000915527344,80.88779926300049,82.56779766082764
2019-03-25,58.81999969482422,81.3917977809906,83.17679858207703
2019-03-26,59.939998626708984,82.13940167427063,83.57579970359802
2019-03-27,59.40999984741211,79.61099767684937,83.18519997596741
2019-03-28,59.29999923706055,78.9557991027832,82.82400012016296
2019-03-29,60.13999938964844,79.61519837379456,82.88279986381531
2019-04-01,61.59000015258789,79.7538013458252,83.50020217895508
2019-04-02,62.58000183105469,80.99700236320496,84.37379693984985
2019-04-03,62.459999084472656,81.95040035247803,84.28559732437134
2019-04-04,62.099998474121094,81.47580170631409,84.56280326843262
2019-04-05,63.08000183105469,82.68540215492249,85.78079509735107
2019-04-08,64.4000015258789,83.49600148200989,86.398202419281
2019-04-09,63.97999954223633,83.95799803733826,85.88579750061035
2019-04-10,64.61000061035156,86.90640163421631,87.67919969558716
2019-04-11,63.58000183105469,85.29780006408691,86.82239770889282
2019-04-12,63.88999938964844,85.55399751663208,86.96939706802368
2019-04-15,63.400001525878906,84.49560213088989,86.56200456619263
2019-04-16,64.05000305175781,85.33139562606812,87.45240211486816
2019-04-17,63.7599983215332,85.75560092926025,86.90640163421631
2019-04-18,64.0,87.03240251541138,86.97779846191406
2019-04-22,65.69999694824219,89.45160341262817,88.36800384521484
2019-04-23,66.30000305175781,89.52719593048096,88.95600128173828
2019-04-24,65.88999938964844,89.39699935913086,88.14540195465088
2019-04-25,65.20999908447266,89.54820442199707,88.12019777297974
2019-04-26,63.29999923706055,88.22520017623901,86.1503963470459
2019-04-29,63.5,87.47759628295898,86.30579710006714
2019-04-30,63.90999984741211,89.1743974685669,87.41039514541626
2019-05-01,63.599998474121094,86.69639682769775,87.95639562606812
2019-05-02,61.810001373291016,84.76860237121582,87.26760149002075
2019-05-03,61.939998626708984,85.1129994392395,86.94839859008789
2019-05-06,62.25,83.85720133781433,86.83920049667358
2019-05-07,61.400001525878906,81.84539794921875,85.57920169830322
2019-05-08,62.119998931884766,82.95000100135803,86.36040115356445
2019-05-09,61.70000076293945,82.96679878234863,85.83120346069336
2019-05-10,61.65999984741211,83.54219913482666,86.1168007850647
2019-05-13,61.040000915527344,82.47540235519409,85.61279726028442
2019-05-14,61.779998779296875,83.02139782905579,86.47380495071411
2019-05-15,62.02000045776367,84.53340339660645,87.62459564208984
2019-05-16,62.869998931884766,86.59560012817383,89.1743974685669
2019-05-17,62.7599983215332,85.9866042137146,88.01099967956543
2019-05-20,63.099998474121094,84.41580390930176,87.09120225906372
2019-05-21,62.9900016784668,84.8105993270874,87.33480262756348
2019-05-22,61.41999816894531,83.63039875030518,86.06219673156738
2019-05-23,57.90999984741211,80.3586015701294,82.42079830169678
2019-05-24,58.630001068115234,81.24899911880493,82.79460024833679
2019-05-28,59.13999938964844,82.18139863014221,83.68499779701233
2019-05-29,58.810001373291016,81.69839859008789,82.63499879837036
2019-05-30,56.59000015258789,78.90120005607605,80.42999839782715
2019-05-31,53.5,75.68400192260742,77.35559892654419
2019-06-03,53.25,73.13459944725037,75.87299823760986
2019-06-04,53.47999954223633,72.41640043258667,76.50299763679504
2019-06-05,51.68000030517578,71.09760189056396,74.75999879837036
2019-06-06,52.59000015258789,71.71919989585876,75.1086015701294
2019-06-07,53.9900016784668,73.03379774093628,76.64160060882568
2019-06-10,53.2599983215332,72.67259788513184,75.86460185050964
2019-06-11,53.27000045776367,73.76459884643555,76.52820181846619
2019-06-12,51.13999938964844,70.81620025634766,74.75579810142517
2019-06-13,52.279998779296875,72.23580050468445,75.87719893455505
2019-06-14,52.5099983215332,72.76499819755554,76.83479762077332
2019-06-17,51.93000030517578,71.01359796524048,75.57899951934814
2019-06-18,53.900001525878906,72.29880094528198,76.76760149002075
2019-06-19,53.7599983215332,72.89099907875061,76.83479762077332
2019-06-20,56.650001525878906,75.02459764480591,79.14059972763062
2019-06-21,57.43000030517578,77.9561984539032,80.46359896659851
2019-06-24,57.900001525878906,77.90580010414124,80.17380094528198
2019-06-25,57.83000183105469,78.8424003124237,80.78280186653137
2019-06-26,59.380001068115234,82.75679898262024,82.79460024833679
2019-06-27,59.43000030517578,81.75719833374023,82.00499939918518
2019-06-28,58.470001220703125,81.5849997997284,81.67319941520691
2019-07-01,59.09000015258789,81.08100128173828,82.05959844589233
2019-07-02,56.25,78.55260229110718,79.22459864616394
2019-07-03,57.34000015258789,80.50140023231506,79.74539995193481
2019-07-05,57.5099983215332,81.03899931907654,80.00999879837036
2019-07-08,57.65999984741211,79.85459804534912,79.60260128974915
2019-07-09,57.83000183105469,80.92980122566223,80.24519777297974
2019-07-10,60.43000030517578,84.21839618682861,83.62200236320496
2019-07-11,60.20000076293945,83.55900192260742,83.10120105743408
2019-07-12,60.209999084472656,83.03399991989136,83.16420149803162
2019-07-15,59.58000183105469,81.0725998878479,81.96719813346863
2019-07-16,57.619998931884766,79.45560193061829,80.00579810142517
2019-07-17,56.779998779296875,78.90540075302124,79.48920249938965
2019-07-18,55.29999923706055,77.03640103340149,78.22499799728394
2019-07-19,55.630001068115234,77.30099987983704,79.36320161819458
2019-07-22,56.220001220703125,76.77180218696594,79.77900052070618
2019-07-23,56.77000045776367,78.14099907875061,80.71140003204346
2019-07-24,55.880001068115234,77.91420149803162,80.1653995513916
2019-07-25,56.02000045776367,78.97260189056396,80.40059852600098
2019-07-26,56.20000076293945,78.72480082511902,79.98479962348938
2019-07-29,56.869998931884766,78.26279926300049,80.24519777297974
2019-07-30,58.04999923706055,79.66980242729187,81.64800024032593
2019-07-31,58.58000183105469,79.8839979171753,82.11000180244446
2019-08-01,53.95000076293945,73.49579930305481,77.82180118560791
2019-08-02,55.65999984741211,74.8229992389679,79.38840079307556
2019-08-05,54.689998626708984,72.15600228309631,77.09520077705383
2019-08-06,53.630001068115234,70.86659860610962,76.60800004005432
2019-08-07,51.09000015258789,68.05260229110718,73.63440227508545
2019-08-08,52.540000915527344,69.11939907073975,74.61720013618469
2019-08-09,54.5,70.30800104141235,75.9359986782074
2019-08-12,54.93000030517578,69.93839979171753,75.84359836578369
2019-08-13,57.099998474121094,72.92880034446716,78.8466010093689
2019-08-14,55.22999954223633,70.3835985660553,77.43540215492249
2019-08-15,54.470001220703125,68.72879934310913,76.04940247535706
2019-08-16,54.869998931884766,69.58560132980347,76.13760209083557
2019-08-19,56.209999084472656,69.90479922294617,76.99019837379456
2019-08-20,56.34000015258789,70.60620045661926,77.88060092926025
2019-08-21,55.68000030517578,71.13959884643555,78.00660181045532
2019-08-22,55.349998474121094,70.03500080108643,77.3346004486084
2019-08-23,54.16999816894531,68.99759888648987,76.25520157814026
2019-08-26,53.63999938964844,67.89300084114075,75.28080010414124
2019-08-27,54.93000030517578,69.29579830169678,76.26779866218567
2019-08-28,55.779998779296875,70.66079950332642,77.74199795722961
2019-08-29,56.709999084472656,70.75740051269531,78.28799843788147
2019-08-30,55.099998474121094,67.76279926300049,76.78439927101135
2019-09-03,53.939998626708984,61.76099967956543,75.73860096931458
2019-09-04,56.2599983215332,64.38179898262024,78.96840119361877
2019-09-05,56.29999923706055,64.93200016021729,79.31699895858765
2019-09-06,56.52000045776367,66.1164014339447,79.81260108947754
2019-09-09,57.849998474121094,66.55319881439209,80.9634017944336
2019-09-10,57.400001525878906,66.81360197067261,81.11040115356445
2019-09-11,55.75,65.93580150604248,79.93440127372742
2019-09-12,55.09000015258789,65.225998878479,79.17420029640198
2019-09-13,54.849998474121094,65.2301995754242,78.86759948730469
2019-09-16,62.900001525878906,73.60080170631409,87.51960325241089
2019-09-17,59.34000015258789,70.35419869422913,83.56319761276245
2019-09-18,58.11000061035156,69.62339758872986,82.87859916687012
2019-09-19,58.130001068115234,71.42940187454224,84.2057991027832
2019-09-20,58.09000015258789,70.49280166625977,83.42459964752197
2019-09-23,58.63999938964844,70.71959924697876,83.87399911880493
2019-09-24,57.290000915527344,69.48059892654419,82.63919949531555
2019-09-25,56.4900016784668,68.25840139389038,82.06379914283752
2019-09-26,56.40999984741211,69.77040195465088,82.11420249938965
2019-09-27,55.90999984741211,69.35879874229431,81.54719853401184
2019-09-30,54.06999969482422,67.40580010414124,80.03519797325134
2019-10-01,53.619998931884766,66.09539794921875,79.73699855804443
2019-10-02,52.63999938964844,64.9110016822815,78.66600108146667
2019-10-03,52.45000076293945,65.34779906272888,78.79200196266174
2019-10-04,52.810001373291016,66.08280086517334,79.56900072097778
2019-10-07,52.75,65.91479802131653,79.93860197067261
2019-10-08,52.630001068115234,66.39779806137085,80.22419929504395
2019-10-09,52.59000015258789,66.65820121765137,80.61059832572937
2019-10-10,53.54999923706055,68.17859816551208,80.6735987663269
2019-10-11,54.70000076293945,68.82960104942322,82.21919989585876
2019-10-14,53.59000015258789,67.75439786911011,80.43419909477234
2019-10-15,52.810001373291016,67.80480122566223,80.21999859809875
2019-10-16,53.36000061035156,68.24159860610962,81.58920049667358
2019-10-17,53.93000030517578,68.14499759674072,81.82019877433777
2019-10-18,53.779998779296875,68.16600108146667,81.77820181846619
2019-10-21,53.310001373291016,67.50240111351013,81.50520157814026
2019-10-22,54.15999984741211,67.57379794120789,81.63539814949036
2019-10-23,55.970001220703125,69.37980222702026,82.50060153007507
2019-10-24,56.22999954223633,69.8544008731842,83.42459964752197
2019-10-25,56.65999984741211,70.26599907875061,83.14319801330566
2019-10-28,55.810001373291016,70.25759768486023,82.3955991268158
2019-10-29,55.540000915527344,70.79940247535706,82.16460084915161
2019-10-30,55.060001373291016,69.90899991989136,80.3711986541748
2019-10-31,54.18000030517578,68.51039814949036,78.87600088119507
2019-11-01,56.20000076293945,69.53939867019653,81.19019937515259
2019-11-04,56.540000915527344,69.87539935112,81.50100088119507
2019-11-05,57.22999954223633,70.33320021629333,82.17719793319702
2019-11-06,56.349998474121094,68.30039834976196,80.96760249137878
2019-11-07,57.150001525878906,68.69099807739258,80.65260028839111
2019-11-08,57.2400016784668,68.61540055274963,80.56019997596741
2019-11-11,56.86000061035156,67.61579990386963,80.39639782905579
2019-11-12,56.79999923706055,67.80480122566223,79.69920229911804
2019-11-13,57.119998931884766,68.73300004005432,80.32500100135803
2019-11-14,56.77000045776367,67.86360096931458,80.55179858207703
2019-11-15,57.720001220703125,68.66999959945679,81.81599807739258
2019-11-18,57.04999923706055,68.08200216293335,79.99740171432495
2019-11-19,55.209999084472656,67.35540175437927,78.01079750061035
2019-11-20,57.11000061035156,69.56459784507751,79.4681990146637
2019-11-21,58.58000183105469,71.58479762077332,81.6774001121521
2019-11-22,57.77000045776367,70.32059812545776,81.03479862213135
2019-11-25,58.0099983215332,70.34160161018372,81.6606023311615
2019-11-26,58.40999984741211,71.59739971160889,82.34520077705383
2019-11-27,58.11000061035156,70.52640223503113,81.75299763679504
2019-11-29,55.16999816894531,67.07400012016296,78.91380214691162
2019-12-02,55.959999084472656,66.07860016822815,79.21200156211853
2019-12-03,56.099998474121094,65.6417977809906,78.9557991027832
2019-12-04,58.43000030517578,67.37640023231506,80.76179838180542
2019-12-05,58.43000030517578,68.08619785308838,81.1859986782074
2019-12-06,59.20000076293945,69.19080090522766,81.98820161819458
2019-12-09,59.02000045776367,69.50160241127014,81.65640163421631
2019-12-10,59.2400016784668,69.40500140190125,82.55099987983704
2019-12-11,58.7599983215332,68.29619765281677,81.00959944725037
2019-12-12,59.18000030517578,68.38859796524048,81.93359756469727
2019-12-13,60.06999969482422,69.8544008731842,83.42880034446716
2019-12-16,60.209999084472656,69.83340239524841,84.18899631500244
2019-12-17,60.939998626708984,70.79940247535706,85.40280246734619
2019-12-18,60.93000030517578,70.71959924697876,84.85259628295898
2019-12-19,61.220001220703125,71.6855993270874,85.23900032043457
2019-12-20,60.439998626708984,71.64360237121582,84.91560173034668
2019-12-23,60.52000045776367,71.61420249938965,84.93240451812744
2019-12-24,61.11000061035156,72.53399991989136,85.52459764480591
2019-12-26,61.68000030517578,73.65540075302124,86.18819761276245
2019-12-27,61.720001220703125,73.3866012096405,86.08319520950317
2019-12-30,61.68000030517578,72.58859896659851,85.70520257949829
2019-12-31,61.060001373291016,71.30760169029236,85.18860197067261
2020-01-02,61.18000030517578,71.5764012336731,85.01220273971558
2020-01-03,63.04999923706055,73.44960165023804,86.57879734039307
2020-01-06,63.27000045776367,73.68480062484741,85.42380094528198
2020-01-07,62.70000076293945,72.33240151405334,85.36079549789429
2020-01-08,59.61000061035156,69.24960064888,82.24439907073975
2020-01-09,59.560001373291016,69.41339778900146,81.9041976928711
2020-01-10,59.040000915527344,69.70320081710815,80.99280166625977
2020-01-13,58.08000183105469,69.60659980773926,79.71600008010864
2020-01-14,58.22999954223633,69.48479962348938,80.23260068893433
2020-01-15,57.810001373291016,68.74560213088989,78.87180018424988
2020-01-16,58.52000045776367,69.50160241127014,78.12000060081482
2020-01-17,58.540000915527344,68.90519857406616,78.08640003204346
2020-01-21,58.34000015258789,68.73300004005432,76.8264012336731
2020-01-22,56.7400016784668,66.3431990146637,75.60839939117432
2020-01-23,55.59000015258789,65.5283989906311,75.24719953536987
2020-01-24,54.189998626708984,63.63840079307556,72.82799863815308
2020-01-27,53.13999938964844,62.327998638153076,70.53899931907654
2020-01-28,53.47999954223633,63.13440227508545,72.06779766082764
2020-01-29,53.33000183105469,64.29359936714172,71.54700136184692
2020-01-30,52.13999938964844,62.73540115356445,68.86320161819458
2020-01-31,51.560001373291016,62.52540135383606,68.22900152206421
2020-02-03,50.11000061035156,61.89540195465088,66.27180218696594
2020-02-04,49.61000061035156,60.614399671554565,66.52379894256592
2020-02-05,50.75,62.42459964752197,69.10680198669434
2020-02-06,50.95000076293945,62.916001081466675,69.94680118560791
2020-02-07,50.31999969482422,64.0038013458252,69.01860237121582
2020-02-10,49.56999969482422,63.89459824562073,67.72499799728394
2020-02-11,49.939998626708984,63.59639883041382,68.32140183448792
2020-02-12,51.16999816894531,66.40199875831604,70.37939786911011
2020-02-13,51.41999816894531,66.36839818954468,70.58100128173828
2020-02-14,52.04999923706055,66.49859976768494,71.32439947128296
2020-02-18,52.04999923706055,67.82159900665283,70.24079990386963
2020-02-19,53.290000915527344,69.8586015701294,71.6855993270874
2020-02-20,53.779998779296875,70.12740111351013,71.29920029640198
2020-02-21,53.380001068115234,69.32519817352295,70.83719873428345
2020-02-24,51.43000030517578,67.58219933509827,67.75439786911011
2020-02-25,49.900001525878906,64.36080050468445,65.87700176239014
2020-02-26,48.72999954223633,61.10580110549927,62.97480082511902
2020-02-27,47.09000015258789,59.245197772979736,62.54639983177185
2020-02-28,44.7599983215332,58.610997676849365,62.605199575424194
2020-03-02,46.75,64.66320061683655,64.20539975166321
2020-03-03,47.18000030517578,64.31459784507751,64.38599967956543
2020-03-04,46.779998779296875,65.33100128173828,64.39440107345581
2020-03-05,45.900001525878906,63.91560173034668,62.51699995994568
2020-03-06,41.279998779296875,58.3380024433136,58.17840099334717
2020-03-09,31.1299991607666,47.74979782104492,48.84179878234863
2020-03-10,34.36000061035156,48.59819841384888,52.49579930305481
2020-03-11,32.97999954223633,46.63259768486023,51.99600148200989
2020-03-12,31.5,37.69499909877777,48.711602210998535
2020-03-13,31.729999542236328,37.766400933265686,47.770801305770874
2020-03-16,28.700000762939453,28.975799202919006,43.95719933509827
2020-03-17,26.950000762939453,29.878798842430115,43.49939846992493
2020-03-18,20.3700008392334,26.783400893211365,40.076401233673096
2020-03-19,25.219999313354492,28.770000100135803,43.75140023231506
2020-03-20,22.43000030517578,25.426801085472107,42.26459884643555
2020-03-23,23.360000610351562,17.29559987783432,42.676202058792114
2020-03-24,24.010000228881836,18.635399401187897,45.37259888648987
2020-03-25,24.489999771118164,22.965600728988647,46.107600688934326
2020-03-26,22.600000381469727,22.83959984779358,44.11260008811951
2020-03-27,21.510000228881836,24.09540045261383,44.87700176239014
2020-03-30,20.09000015258789,24.591000080108643,42.81480002403259
2020-03-31,20.479999542236328,24.07439947128296,42.5081992149353
2020-04-01,20.309999465942383,22.953001141548157,39.156598806381226
2020-04-02,25.31999969482422,27.837600588798523,41.7942008972168
2020-04-03,28.34000015258789,29.04720103740692,44.96520137786865
2020-04-06,26.079999923706055,29.46720063686371,43.919398069381714
2020-04-07,23.6299991607666,27.224398970603943,43.155001401901245
2020-04-08,25.09000015258789,28.475998878479004,42.44939947128296
2020-04-09,22.760000228881836,28.446599006652832,40.849199295043945
2020-04-13,22.40999984741211,29.538599967956543,41.773199915885925
2020-04-14,20.110000610351562,30.24000120162964,39.65639913082123
2020-04-15,19.8700008392334,30.25679898262024,38.379600048065186
2020-04-16,19.8700008392334,29.614199995994568,39.744601249694824
2020-04-17,18.270000457763672,29.849398970603943,40.16460084915161
2020-04-20,-37.630001068115234,28.068598866462708,37.287599086761475
2020-04-21,10.010000228881836,21.432599186897278,30.529799222946167
2020-04-22,13.779999732971191,26.812800765037537,30.70620095729828
2020-04-23,16.5,27.03119945526123,30.848999619483948
2020-04-24,16.940000534057617,27.7703994512558,27.16140103340149
2020-04-27,12.779999732971191,27.228599667549133,25.6368008852005
2020-04-28,12.34000015258789,28.022401213645935,26.493600368499756
2020-04-29,15.0600004196167,30.542398810386658,29.1690012216568
2020-04-30,18.84000015258789,29.307599186897278,30.73979902267456
2020-05-01,19.780000686645508,32.184600949287415,33.436200857162476
2020-05-04,20.389999389648438,34.503000140190125,33.730199575424194
2020-05-05,24.559999465942383,37.8546005487442,37.63200116157532
2020-05-06,23.989999771118164,36.829800724983215,34.60800004005432
2020-05-07,23.549999237060547,39.11880004405975,35.15820121765137
2020-05-08,24.739999771118164,39.99239981174469,37.770599126815796
2020-05-11,24.139999389648438,38.816399931907654,36.48540115356445
2020-05-12,25.780000686645508,38.57700026035309,35.21280026435852
2020-05-13,25.290000915527344,35.81339979171753,34.91879904270172
2020-05-14,27.559999465942383,38.40899991989136,37.581600308418274
2020-05-15,29.43000030517578,40.74840009212494,38.656800985336304
2020-05-18,31.81999969482422,43.08359956741333,42.26879954338074
2020-05-19,32.5,43.89839959144592,40.89119875431061
2020-05-20,33.4900016784668,43.83959984779358,41.605199575424194
2020-05-21,33.91999816894531,43.89419889450073,41.53800094127655
2020-05-22,33.25,43.604400873184204,41.24399971961975
2020-05-26,34.349998474121094,44.05380034446716,41.613600969314575
2020-05-27,32.810001373291016,41.71860086917877,40.828200817108154
2020-05-28,33.709999084472656,41.936999559402466,38.87519967556
2020-05-29,35.4900016784668,43.08780026435852,40.517399311065674
2020-06-01,35.439998626708984,44.80139923095703,43.21800184249878
2020-06-02,36.810001373291016,46.96859836578369,45.86820101737976
2020-06-03,37.290000915527344,47.010600328445435,44.713199615478516
2020-06-04,37.40999984741211,48.258002042770386,45.11220073699951
2020-06-05,39.54999923706055,50.9712016582489,48.32519817352295
2020-06-08,38.189998626708984,50.19000220298767,47.09459924697876
2020-06-09,38.939998626708984,50.83259868621826,48.49740171432495
2020-06-10,39.599998474121094,50.81580090522766,49.26599907875061
2020-06-11,36.34000015258789,46.989601850509644,45.69600248336792
2020-06-12,36.2599983215332,47.22060012817383,46.258800745010376
2020-06-15,37.119998931884766,48.95939826965332,47.75399851799011
2020-06-16,38.380001068115234,50.70659780502319,49.652398109436035
2020-06-17,37.959999084472656,51.042598485946655,49.644001722335815
2020-06-18,38.84000015258789,52.82339859008789,50.34120225906372
2020-06-19,39.75,53.4072003364563,50.878801345825195
2020-06-22,40.459999084472656,54.23460245132446,51.181201457977295
2020-06-23,40.369998931884766,54.574798822402954,50.52599787712097
2020-06-24,38.0099983215332,50.248801946640015,48.33359956741333
2020-06-25,38.720001220703125,50.15640163421631,48.53519797325134
2020-06-26,38.4900016784668,48.43860197067261,47.72459864616394
2020-06-29,39.70000076293945,49.73220133781433,48.94680118560791
2020-06-30,39.27000045776367,50.404197692871094,49.480199575424194
2020-07-01,39.81999969482422,51.10979962348938,50.3831992149353
2020-07-02,40.650001525878906,52.886399030685425,51.7061984539032
2020-07-06,40.630001068115234,52.113600969314575,52.15140223503113
2020-07-07,40.619998931884766,53.54999899864197,52.21859836578369
2020-07-08,40.900001525878906,54.2177996635437,51.84480142593384
2020-07-09,39.619998931884766,52.52099847793579,51.4037983417511
2020-07-10,40.54999923706055,53.89020037651062,52.130398750305176
2020-07-13,40.099998474121094,53.48279786109924,51.3870005607605
2020-07-14,40.290000915527344,52.39080190658569,51.273601770401
2020-07-15,41.20000076293945,53.10900092124939,52.281598806381226
2020-07-16,40.75,51.823797941207886,51.57180118560791
2020-07-17,40.59000015258789,51.42899751663208,51.202199935913086
2020-07-20,40.810001373291016,51.59700036048889,51.89099907875061
2020-07-21,41.959999084472656,53.74740171432495,53.75999879837036
2020-07-22,41.900001525878906,53.87759828567505,53.369399070739746
2020-07-23,41.06999969482422,52.86119985580444,52.67219853401184
2020-07-24,41.290000915527344,53.961602210998535,52.76459884643555
2020-07-27,41.599998474121094,53.53740191459656,52.67219853401184
2020-07-28,41.040000915527344,53.15519857406616,52.16820001602173
2020-07-29,41.27000045776367,52.14300084114075,52.63859796524048
2020-07-30,39.91999816894531,51.25679898262024,50.899799823760986
2020-07-31,40.27000045776367,49.8582022190094,51.11820101737976
2020-08-03,41.0099983215332,50.95019817352295,52.117801666259766
2020-08-04,41.70000076293945,51.00060153007507,52.85279846191406
2020-08-05,42.189998626708984,51.357600688934326,53.050201177597046
2020-08-06,41.95000076293945,51.58019757270813,52.49579930305481
2020-08-07,41.220001220703125,50.719199895858765,51.23580050468445
2020-08-10,41.939998626708984,51.630600929260254,51.949798822402954
2020-08-11,41.61000061035156,50.588998317718506,52.01279926300049
2020-08-12,42.66999816894531,52.239601850509644,52.8024001121521
2020-08-13,42.2400016784668,51.86159920692444,52.00020217895508
2020-08-14,42.0099983215332,52.273202419281006,51.941402435302734
2020-08-17,42.88999938964844,53.339999198913574,52.04219913482666
2020-08-18,42.88999938964844,53.88599967956543,52.93680238723755
2020-08-19,42.93000030517578,54.2010018825531,52.54200196266174
2020-08-20,42.58000183105469,54.452998638153076,52.36140203475952
2020-08-21,42.34000015258789,53.93220233917236,50.735997676849365
2020-08-24,42.619998931884766,57.41820001602173,52.39919829368591
2020-08-25,43.349998474121094,58.62780046463013,52.92420029640198
2020-08-26,43.38999938964844,57.1451997756958,52.277398109436035
2020-08-27,43.040000915527344,53.949000120162964,50.84940147399902
2020-08-28,42.970001220703125,55.25100088119507,51.08039975166321
2020-08-31,42.61000061035156,53.5962016582489,50.23619985580444
2020-09-01,42.7599983215332,51.43739891052246,51.69360136985779
2020-09-02,41.5099983215332,50.48400092124939,49.91700196266174
2020-09-03,41.369998931884766,50.60580110549927,49.04340219497681
2020-09-04,39.77000045776367,49.44239830970764,48.3629994392395
2020-09-08,36.7599983215332,46.31760048866272,45.22559952735901
2020-09-09,38.04999923706055,47.010600328445435,46.4561984539032
2020-09-10,37.29999923706055,46.103399991989136,45.460798501968384
2020-09-11,37.33000183105469,45.98580050468445,45.76319861412048
2020-09-14,37.2599983215332,46.48559832572937,45.922800064086914
2020-09-15,38.279998779296875,47.800201177597046,46.17060112953186
2020-09-16,40.15999984741211,49.933799743652344,46.884599447250366
2020-09-17,40.970001220703125,51.42480182647705,48.711602210998535
2020-09-18,41.11000061035156,51.937201738357544,48.67800164222717
2020-09-21,39.310001373291016,49.43819761276245,46.50660181045532
2020-09-22,39.599998474121094,48.90059852600098,46.03619885444641
2020-09-23,39.93000030517578,49.614601850509644,46.51499819755554
2020-09-24,40.310001373291016,50.21940207481384,46.90140223503113
2020-09-25,40.25,50.99640083312988,47.30039834976196
2020-09-28,40.599998474121094,52.35720133781433,47.85900092124939
2020-09-29,39.290000915527344,50.47139883041382,46.577998638153076
2020-09-30,40.220001220703125,50.433597564697266,48.106801986694336
2020-10-01,38.720001220703125,48.400800704956055,47.25
2020-10-02,37.04999923706055,47.186999559402466,45.57000160217285
2020-10-05,39.220001220703125,50.15220093727112,47.59859776496887
2020-10-06,40.66999816894531,51.87420129776001,49.92119765281677
2020-10-07,39.95000076293945,50.437798261642456,48.75359916687012
2020-10-08,41.189998626708984,51.72720193862915,50.07659840583801
2020-10-09,40.599998474121094,50.53439927101135,50.118600368499756
2020-10-12,39.43000030517578,49.37939786911011,48.59819841384888
2020-10-13,40.20000076293945,49.67340159416199,49.09800124168396
2020-10-14,41.040000915527344,50.27820181846619,50.084999799728394
2020-10-15,40.959999084472656,49.55999779701233,49.92539834976196
2020-10-16,40.880001068115234,49.08959984779358,49.52220153808594
2020-10-19,40.83000183105469,48.81659960746765,48.64020037651062
2020-10-20,41.459999084472656,49.8917977809906,49.2869975566864
2020-10-21,40.029998779296875,47.89260149002075,47.87579870223999
2020-10-22,40.63999938964844,48.64020037651062,48.74939846992493
2020-10-23,39.849998474121094,47.83380174636841,48.35459804534912
2020-10-26,38.560001373291016,46.687201738357544,47.11559772491455
2020-10-27,39.56999969482422,48.02279806137085,48.62339758872986
2020-10-28,37.38999938964844,45.4188015460968,46.79639983177185
2020-10-29,36.16999816894531,44.16299843788147,45.71280026435852
2020-10-30,35.790000915527344,44.078999519348145,45.41460084915161
2020-11-02,36.810001373291016,44.18400192260742,46.716601610183716
2020-11-03,37.65999984741211,45.2298002243042,47.338199615478516
2020-11-04,39.150001525878906,46.540202379226685,49.2869975566864
2020-11-05,38.790000915527344,46.867801666259766,49.12320041656494
2020-11-06,37.13999938964844,45.54480242729187,47.98920249938965
2020-11-09,40.290000915527344,48.74939846992493,51.101398229599
2020-11-10,41.36000061035156,50.15220093727112,52.60500240325928
2020-11-11,41.45000076293945,49.38779926300049,52.32360076904297
2020-11-12,41.119998931884766,48.59819841384888,51.798598766326904
2020-11-13,40.130001068115234,47.2667977809906,50.576401233673096
2020-11-16,41.34000015258789,48.16560173034668,51.61379814147949
2020-11-17,41.43000030517578,48.43440127372742,52.04219913482666
2020-11-18,41.81999969482422,48.84179878234863,53.0880024433136
2020-11-19,41.7400016784668,48.82500100135803,53.369399070739746
2020-11-20,42.150001525878906,49.358399391174316,54.02459764480591
2020-11-23,43.060001373291016,50.567999839782715,55.041001081466675
2020-11-24,44.90999984741211,52.84440207481384,57.09900212287903
2020-11-25,45.709999084472656,54.07500100135803,58.23720073699951
2020-11-27,45.529998779296875,53.84399771690369,57.980998277664185
2020-11-30,45.34000015258789,52.45380234718323,56.94780206680298
2020-12-01,44.54999923706055,51.25679898262024,56.586602210998535
2020-12-02,45.279998779296875,52.07579970359802,57.380398750305176
2020-12-03,45.63999938964844,52.9914014339447,58.51860237121582
2020-12-04,46.2599983215332,53.27699875831604,58.925999879837036
2020-12-07,45.7599983215332,52.743600368499756,58.766398429870605
2020-12-08,45.599998474121094,52.747801065444946,59.081400632858276
2020-12-09,45.52000045776367,53.58780026435852,58.753801345825195
2020-12-10,46.779998779296875,55.29719853401184,60.299402475357056
2020-12-11,46.56999969482422,54.92340159416199,60.34980082511902
2020-12-14,46.9900016784668,55.40220093727112,61.084797620773315
2020-12-15,47.619998931884766,55.72559952735901,61.504802227020264
2020-12-16,47.81999969482422,56.82180118560791,62.07180118560791
2020-12-17,48.36000061035156,58.300201177597046,62.79840159416199
2020-12-18,49.099998474121094,58.615198373794556,63.546000480651855
2020-12-21,47.7400016784668,57.13679838180542,62.05079770088196
2020-12-22,47.02000045776367,56.25899791717529,61.387197732925415
2020-12-23,48.119998931884766,58.04399871826172,62.89499759674072
2020-12-24,48.22999954223633,57.91380214691162,62.58000040054321
2020-12-28,47.619998931884766,57.44339919090271,62.11799883842468
2020-12-29,48.0,58.291799783706665,62.445598125457764
2020-12-30,48.400001525878906,59.30399751663208,62.57159900665283
2020-12-31,48.52000045776367,59.15280246734619,62.004600048065186
2021-01-04,47.619998931884766,57.661800384521484,61.40400052070618
2021-01-05,49.93000030517578,60.98820161819458,63.7938015460968
2021-01-06,50.630001068115234,61.95000100135803,64.20539975166321
2021-01-07,50.83000183105469,62.27339959144592,64.60020017623901
2021-01-08,52.2400016784668,64.77659940719604,66.3389983177185
2021-01-11,52.25,63.87359976768494,66.08700156211853
2021-01-12,53.209999084472656,65.225998878479,67.06139802932739
2021-01-13,52.90999984741211,65.04959964752197,67.1537983417511
2021-01-14,53.56999969482422,65.26380014419556,68.01480102539062
2021-01-15,52.36000061035156,64.19279766082764,66.90180158615112
2021-01-19,52.97999954223633,64.60020017623901,67.14540195465088
2021-01-20,53.2400016784668,64.84380054473877,67.21679878234863
2021-01-21,53.130001068115234,65.01179838180542,67.22520017623901
2021-01-22,52.27000045776367,65.04539895057678,66.19199895858765
2021-01-25,52.77000045776367,65.56620025634766,66.9437985420227
2021-01-26,52.61000061035156,66.38940167427063,67.13279986381531
2021-01-27,52.849998474121094,66.23820161819458,67.57379794120789
2021-01-28,52.34000015258789,66.48180198669434,67.27139782905579
2021-01-29,52.20000076293945,66.04499959945679,67.21679878234863
2021-02-01,53.54999923706055,66.78420209884644,69.16980242729187
2021-02-02,54.7599983215332,67.87200236320496,70.33320021629333
2021-02-03,55.689998626708984,69.24119925498962,71.00100088119507
2021-02-04,56.22999954223633,69.0815978050232,71.42100048065186
2021-02-05,56.849998474121094,69.2705991268158,71.97540235519409
2021-02-08,57.970001220703125,70.34160161018372,73.4075996875763
2021-02-09,58.36000061035156,70.29119825363159,73.78140163421631
2021-02-10,58.68000030517578,69.44279766082764,73.96200156211853
2021-02-11,58.2400016784668,69.30840039253235,73.273202419281
2021-02-12,59.470001220703125,71.0849997997284,74.39879894256592
2021-02-16,60.04999923706055,74.46179938316345,76.20479822158813
2021-02-17,61.13999938964844,76.04100108146667,77.18340039253235
2021-02-18,60.52000045776367,75.36059832572937,77.1288013458252
2021-02-19,59.2400016784668,75.88980102539062,76.56180238723755
2021-02-22,61.4900016784668,77.351398229599,78.06120085716248
2021-02-23,61.66999816894531,78.06120085716248,78.45600128173828
2021-02-24,63.220001220703125,79.61519837379456,80.148601770401
2021-02-25,63.529998779296875,79.47660040855408,80.07719993591309
2021-02-26,61.5,78.83399891853333,77.97300124168396
2021-03-01,60.63999938964844,81.601797580719,76.40640163421631
2021-03-02,59.75,81.32880234718323,75.94019937515259
2021-03-03,61.279998779296875,81.97559952735901,77.09940147399902
2021-03-04,63.83000183105469,83.91180038452148,79.63200116157532
2021-03-05,66.08999633789062,86.71739530563354,81.64800024032593
2021-03-08,65.05000305175781,86.04540395736694,80.15699815750122
2021-03-09,64.01000213623047,86.10839939117432,80.10659980773926
2021-03-10,64.44000244140625,87.3389983177185,80.52659940719604
2021-03-11,66.0199966430664,89.79600048065186,82.29480242729187
2021-03-12,65.61000061035156,90.30000400543213,82.63499879837036
2021-03-15,65.38999938964844,88.39319801330566,81.85379934310913
2021-03-16,64.80000305175781,88.25040435791016,81.17340159416199
2021-03-17,64.5999984741211,85.97820281982422,80.0562014579773
2021-03-18,60.0,81.65220093727112,74.93639802932739
2021-03-19,61.41999816894531,81.61019897460938,76.5365982055664
2021-03-22,61.54999923706055,82.31160020828247,76.83060193061829
2021-03-23,57.7599983215332,79.64879894256592,73.45380234718323
2021-03-24,61.18000030517578,83.53799843788147,76.67520117759705
2021-03-25,58.560001373291016,80.6777994632721,73.4075996875763
2021-03-26,60.970001220703125,82.62660241127014,76.01999759674072
2021-03-29,61.560001373291016,83.79840159416199,76.0116012096405
2021-03-30,60.54999923706055,83.53799843788147,75.14639782905579
2021-03-31,59.15999984741211,82.03859996795654,74.39459824562073
2021-04-01,61.45000076293945,84.93660020828247,76.92719793319702
2021-04-05,58.650001525878906,82.36619925498962,74.44080090522766
2021-04-06,59.33000183105469,82.5846004486084,75.35220193862915
2021-04-07,59.77000045776367,81.97559952735901,75.9317979812622
2021-04-08,59.599998474121094,82.29060173034668,76.0116012096405
2021-04-09,59.31999969482422,82.40820121765137,75.9192008972168
2021-04-12,59.70000076293945,82.74000120162964,75.9359986782074
2021-04-13,60.18000030517578,82.9794008731842,76.20899891853333
2021-04-14,63.150001525878906,85.4910020828247,79.37999939918518
2021-04-15,63.459999084472656,86.17560052871704,79.7538013458252
2021-04-16,63.130001068115234,85.67580270767212,79.61939907073975
2021-04-19,63.380001068115234,85.86900472640991,79.48500180244446
2021-04-20,62.439998626708984,84.73080110549927,78.96420049667358
2021-04-21,61.349998474121094,83.3027994632721,77.85540175437927
2021-04-22,61.43000030517578,82.93739891052246,78.15360116958618
2021-04-23,62.13999938964844,83.81940007209778,78.68699955940247
2021-04-26,61.90999984741211,83.10120105743408,78.89699935913086
2021-04-27,62.939998626708984,84.85680198669434,80.03939867019653
2021-04-28,63.86000061035156,87.03240251541138,81.42119765281677
2021-04-29,65.01000213623047,88.19580030441284,82.3788013458252
2021-04-30,63.58000183105469,86.93159580230713,80.68620085716248
2021-05-03,64.48999786376953,88.26300144195557,81.9798002243042
2021-05-04,65.69000244140625,90.35040235519409,83.94960165023804
2021-05-05,65.62999725341797,90.35459804534912,84.10500240325928
2021-05-06,64.70999908447266,88.7753963470459,83.55900192260742
2021-05-07,64.9000015258789,89.32979822158813,84.44520378112793
2021-05-10,64.91999816894531,89.60279846191406,84.69719552993774
2021-05-11,65.27999877929688,89.87579870223999,85.7513952255249
2021-05-12,66.08000183105469,90.7620005607605,86.91899871826172
2021-05-13,63.81999969482422,88.00259828567505,84.03780126571655
2021-05-14,65.37000274658203,89.31720113754272,85.52040195465088
2021-05-17,66.2699966430664,90.64859676361084,86.53680038452148
2021-05-18,65.48999786376953,90.75780487060547,86.36880254745483
2021-05-19,63.36000061035156,88.28399991989136,84.29820442199707
2021-05-20,62.04999923706055,85.98239850997925,82.50480222702026
2021-05-21,63.58000183105469,86.87700176239014,83.50439786911011
2021-05-24,66.05000305175781,88.94340419769287,85.76400232315063
2021-05-25,66.06999969482422,88.92660140991211,85.48679637908936
2021-05-26,66.20999908447266,90.30419969558716,85.89840459823608
2021-05-27,66.8499984741211,90.37559652328491,86.36880254745483
2021-05-28,66.31999969482422,89.8883957862854,85.86900472640991
2021-06-01,67.72000122070312,91.15679597854614,87.0030026435852
2021-06-02,68.83000183105469,92.15219593048096,88.49820041656494
2021-06-03,68.80999755859375,92.47560453414917,88.27140283584595
2021-06-04,69.62000274658203,92.88299703598022,89.03579950332642
2021-06-07,69.2300033569336,92.11019897460938,88.85520458221436
2021-06-08,70.05000305175781,93.19800424575806,89.66999959945679
2021-06-09,69.95999908447266,92.50500440597534,89.43899631500244
2021-06-10,70.29000091552734,92.9123969078064,90.02279806137085
2021-06-11,70.91000366210938,91.81620025634766,89.06939506530762
2021-06-14,70.87999725341797,91.19040155410767,88.68719673156738
2021-06-15,72.12000274658203,91.1610016822815,88.71659660339355
2021-06-16,72.1500015258789,90.56039714813232,88.3427996635437
2021-06-17,71.04000091552734,89.63640403747559,86.80560493469238
2021-06-18,71.63999938964844,91.06859636306763,87.91439867019653
2021-06-21,73.66000366210938,92.26979541778564,89.3256025314331
2021-06-22,73.05999755859375,93.4205961227417,90.34200096130371
2021-06-23,73.08000183105469,95.20980262756348,90.69479942321777
2021-06-24,73.30000305175781,95.79780006408691,90.81660461425781
2021-06-25,74.05000305175781,95.08380174636841,90.27060413360596
2021-06-28,72.91000366210938,93.09719753265381,88.96440267562866
2021-06-29,72.9800033569336,94.03800344467163,89.1198034286499
2021-06-30,73.47000122070312,94.26480102539062,89.40540075302124
2021-07-01,75.2300033569336,95.23920249938965,90.56039714813232
2021-07-02,75.16000366210938,96.59159660339355,91.52220153808594
2021-07-06,73.37000274658203,93.58439826965332,88.40579509735107
2021-07-07,72.19999694824219,92.6520037651062,87.74219512939453
2021-07-08,72.94000244140625,94.71839618682861,89.0567979812622
2021-07-09,74.55999755859375,96.26400232315063,90.51840019226074
2021-07-12,74.0999984741211,95.64239931106567,90.29160261154175
2021-07-13,75.25,97.36860036849976,91.7448034286499
2021-07-14,73.12999725341797,96.32699775695801,90.0270037651062
2021-07-15,71.6500015258789,94.51259708404541,88.72920370101929
2021-07-16,71.80999755859375,94.65119504928589,88.75860357284546
2021-07-19,66.41999816894531,88.63679838180542,83.3784019947052
2021-07-20,67.41999816894531,89.52300024032593,84.53340339660645
2021-07-21,70.30000305175781,93.10140323638916,87.65399551391602
2021-07-22,71.91000366210938,95.47440147399902,89.56920289993286
2021-07-23,72.06999969482422,96.23460245132446,89.62379693984985
2021-07-26,71.91000366210938,96.94860076904297,90.34200096130371
2021-07-27,71.6500015258789,97.19220113754272,90.04379653930664
2021-07-28,72.38999938964844,96.94439506530762,90.55199575424194
2021-07-29,73.62000274658203,98.75879573822021,91.95479822158813
2021-07-30,73.94999694824219,99.36780166625977,92.37479782104492
2021-08-02,71.26000213623047,95.5373969078064,89.70359516143799
2021-08-03,70.55999755859375,95.3736047744751,89.30879974365234
2021-08-04,68.1500015258789,94.5,87.11220073699951
2021-08-05,69.08999633789062,96.3479962348938,88.45199775695801
2021-08-06,68.27999877929688,94.78980302810669,87.54900312423706
2021-08-09,66.4800033569336,93.8616042137146,85.76819801330566
2021-08-10,68.29000091552734,95.25179958343506,87.36839818954468
2021-08-11,69.25,96.6924033164978,88.44359636306763
2021-08-12,69.08999633789062,95.56679677963257,88.36379814147949
2021-08-13,68.44000244140625,95.0291976928711,87.27179718017578
2021-08-16,67.29000091552734,92.43780326843262,86.02860116958618
2021-08-17,66.58999633789062,90.95520257949829,85.51619625091553
2021-08-18,65.45999908447266,90.20340299606323,84.89039754867554
2021-08-19,63.689998626708984,87.42300224304199,82.6979992389679
2021-08-20,62.31999969482422,84.99120426177979,80.14440107345581
2021-08-23,65.63999938964844,89.1743974685669,84.21420049667358
2021-08-24,67.54000091552734,91.59359836578369,86.80560493469238
2021-08-25,68.36000061035156,96.63360357284546,88.96440267562866
2021-08-26,67.41999816894531,94.726797580719,87.49439907073975
2021-08-27,68.73999786376953,95.5163984298706,88.58640003204346
2021-08-30,69.20999908447266,97.13340139389038,89.89260149002075
2021-08-31,68.5,95.86919689178467,89.50200176239014
2021-09-01,68.58999633789062,88.65779685974121,89.41380214691162
2021-09-02,69.98999786376953,90.86700296401978,91.0434021949768
2021-09-03,69.29000091552734,90.46800184249878,90.69479942321777
2021-09-07,68.3499984741211,89.46000480651855,89.10719633102417
2021-09-08,69.30000305175781,89.54820442199707,89.72879934310913
2021-09-09,68.13999938964844,88.18739891052246,88.7753963470459
2021-09-10,69.72000122070312,90.46800184249878,90.13199615478516
2021-09-13,70.44999694824219,90.75780487060547,90.64859676361084
2021-09-14,70.45999908447266,91.24079990386963,90.77459764480591
2021-09-15,72.61000061035156,92.67719793319702,92.62260389328003
2021-09-16,72.61000061035156,91.61040115356445,92.86199855804443
2021-09-17,71.97000122070312,91.1945972442627,92.7822003364563
2021-09-20,70.29000091552734,88.8384017944336,90.67799663543701
2021-09-21,70.55999755859375,88.4184021949768,91.29959964752197
2021-09-22,72.2300033569336,89.20379734039307,92.88720273971558
2021-09-23,73.30000305175781,91.20299863815308,94.46219873428345
2021-09-24,73.9800033569336,91.875,95.21820402145386
2021-09-27,75.44999694824219,93.39540195465088,96.43200016021729
2021-09-28,75.29000091552734,92.4798002243042,96.13800144195557
2021-09-29,74.83000183105469,93.63060092926025,96.91499519348145
2021-09-30,75.02999877929688,94.65119504928589,98.35140323638916
2021-10-01,75.87999725341797,94.5,100.07339859008789
2021-10-04,77.62000274658203,96.95700216293335,102.33719873428345
2021-10-05,78.93000030517578,99.03179597854614,104.7311954498291
2021-10-06,77.43000030517578,96.94439506530762,102.56399631500244
2021-10-07,78.30000305175781,98.04479742050171,103.30319881439209
2021-10-08,79.3499984741211,99.38039875030518,103.89540195465088
2021-10-11,80.5199966430664,99.87179517745972,105.63000440597534
2021-10-12,80.63999938964844,100.08179998397827,105.41999959945679
2021-10-13,80.44000244140625,101.03099727630615,105.88620185852051
2021-10-14,81.30999755859375,102.26999759674072,107.57879734039307
2021-10-15,82.27999877929688,104.428795337677,108.09539794921875
2021-10-18,82.44000244140625,104.43719673156738,107.06640243530273
2021-10-19,82.95999908447266,103.97100448608398,107.5493974685669
2021-10-20,83.87000274658203,105.35279846191406,108.87659740447998
2021-10-21,82.5,104.16419649124146,107.06219673156738
2021-10-22,83.76000213623047,104.24820041656494,106.63379573822021
2021-10-25,83.76000213623047,105.6804027557373,107.71739530563354
2021-10-26,84.6500015258789,105.70559692382812,108.24660301208496
2021-10-27,82.66000366210938,102.88740491867065,105.62160301208496
2021-10-28,82.80999755859375,102.26999759674072,105.69299983978271
2021-10-29,83.56999969482422,103.40399551391602,104.84880495071411
2021-11-01,84.05000305175781,101.19060373306274,105.1301965713501
2021-11-02,83.91000366210938,102.9041976928711,105.34439706802368
2021-11-03,80.86000061035156,98.21700096130371,102.24899911880493
2021-11-04,78.80999755859375,96.28919649124146,101.07719993591309
2021-11-05,81.2699966430664,97.47779846191406,103.13520097732544
2021-11-08,81.93000030517578,97.53240251541138,103.6181960105896
2021-11-09,84.1500015258789,99.75840139389038,105.34020137786865
2021-11-10,81.33999633789062,96.48239850997925,102.98820161819458
2021-11-11,81.58999633789062,97.34760189056396,102.77819681167603
2021-11-12,80.79000091552734,97.07879734039307,100.95540475845337
2021-11-15,80.87999725341797,97.80959844589233,100.72019577026367
2021-11-16,80.76000213623047,98.68739891052246,102.09780406951904
2021-11-17,78.36000061035156,95.77259588241577,99.30479621887207
2021-11-18,79.01000213623047,96.36060333251953,100.1280026435852
2021-11-19,76.0999984741211,92.89979982376099,96.32280206680298
2021-11-22,76.75,94.92840099334717,97.66680479049683
2021-11-23,78.5,98.1623969078064,100.14059972763062
2021-11-24,78.38999938964844,97.4274001121521,100.0859956741333
2021-11-26,68.1500015258789,85.23480463027954,87.96900272369385
2021-11-29,69.94999694824219,87.23820161819458,90.38820362091064
2021-11-30,66.18000030517578,83.16420149803162,86.67960405349731
2021-12-01,65.56999969482422,81.94619965553284,87.23820161819458
2021-12-02,66.5,82.64340019226074,88.3427996635437
2021-12-03,66.26000213623047,82.02180218696594,88.13280487060547
2021-12-06,69.48999786376953,85.81859636306763,91.19040155410767
2021-12-07,72.05000305175781,88.19999599456787,93.43320322036743
2021-12-08,72.36000061035156,90.23699855804443,94.9746036529541
2021-12-09,70.94000244140625,89.39280366897583,94.51259708404541
2021-12-10,71.66999816894531,89.76240491867065,94.56720113754272
2021-12-13,71.29000091552734,88.89299583435059,93.77760028839111
2021-12-14,70.7300033569336,88.65360116958618,93.17280006408691
2021-12-15,70.87000274658203,89.35500240325928,93.2568039894104
2021-12-16,72.37999725341797,91.46759748458862,95.18459844589233
2021-12-17,70.86000061035156,89.11140203475952,93.23579549789429
2021-12-20,68.2300033569336,87.77999639511108,91.26600408554077
2021-12-21,71.12000274658203,90.39239931106567,94.82760429382324
2021-12-22,72.76000213623047,91.05599927902222,96.92760229110718
2021-12-23,73.79000091552734,92.65619945526123,97.91879653930664
2021-12-27,75.56999969482422,93.82380294799805,98.84699535369873
2021-12-28,75.9800033569336,94.37820482254028,99.59880495071411
2021-12-29,76.55999755859375,95.41139602661133,99.86759948730469
2021-12-30,76.98999786376953,96.46559572219849,100.62780046463013
2021-12-31,75.20999908447266,93.59699535369873,97.86420249938965
2022-01-03,76.08000183105469,94.77300024032593,99.01079750061035
2022-01-04,76.98999786376953,95.60459804534912,101.1989951133728
2022-01-05,77.8499984741211,96.26819801330566,102.73619985580444
2022-01-06,79.45999908447266,96.78060293197632,104.06339979171753
2022-01-07,78.9000015258789,96.553795337677,104.23560333251953
2022-01-10,78.2300033569336,95.56679677963257,104.47920370101929
2022-01-11,81.22000122070312,99.01079750061035,107.67120265960693
2022-01-12,82.63999938964844,100.41359996795654,108.95639562606812
2022-01-13,82.12000274658203,100.13219833374023,109.55700016021729
2022-01-14,83.81999969482422,101.5979962348938,110.64059972763062
2022-01-18,85.43000030517578,102.13559532165527,112.30800104141235
2022-01-19,86.95999908447266,103.19400072097778,113.07660341262817
2022-01-20,86.9000015258789,103.4123969078064,112.21559572219849
2022-01-21,85.13999938964844,102.5807991027832,113.03040075302124
2022-01-24,83.30999755859375,100.71600008010864,110.35079669952393
2022-01-25,85.5999984741211,103.29900312423706,112.10220193862915
2022-01-26,87.3499984741211,105.96180438995361,115.24799823760986
2022-01-27,86.61000061035156,105.88199615478516,117.36900472640991
2022-01-28,86.81999969482422,106.77659940719604,116.9910020828247
2022-01-31,88.1500015258789,107.28060293197632,115.88640403747559
2022-02-01,88.19999694824219,108.15840339660645,115.13039875030518
2022-02-02,88.26000213623047,109.49400472640991,116.29379653930664
2022-02-03,90.2699966430664,110.99339818954468,119.2589979171753
2022-02-04,92.30999755859375,112.4969973564148,120.75419569015503
2022-02-07,91.31999969482422,112.78260469436646,119.92680358886719
2022-02-08,89.36000061035156,110.25419569015503,117.28919649124146
2022-02-09,89.66000366210938,111.44279766082764,118.64579629898071
2022-02-10,89.87999725341797,111.94680118560791,118.74239730834961
2022-02-11,93.0999984741211,115.02120065689087,122.25780487060547
2022-02-14,95.45999908447266,116.73480463027954,124.39560413360596
2022-02-15,92.06999969482422,112.10220193862915,120.09899711608887
2022-02-16,93.66000366210938,112.43819761276245,120.0150032043457
2022-02-17,91.76000213623047,111.24120426177979,117.02040195465088
2022-02-18,91.06999969482422,112.12320041656494,116.82300424575806
2022-02-22,92.3499984741211,113.85359716415405,118.38959884643555
2022-02-23,92.0999984741211,114.4626030921936,118.8264012336731
2022-02-24,92.80999755859375,116.38199615478516,121.66979742050171
2022-02-25,91.58999633789062,114.54659700393677,119.67899751663208
2022-02-28,95.72000122070312,117.47399711608887,126.56280326843262
2022-03-01,103.41000366210938,129.7254023551941,132.34619665145874
2022-03-02,110.5999984741211,138.94860076904297,146.77739810943604
2022-03-03,107.66999816894531,137.94479942321777,147.14280366897583
2022-03-04,115.68000030517578,148.8479962348938,158.60459804534912
2022-03-07,119.4000015258789,150.02819681167603,164.70299863815308
2022-03-08,123.69999694824219,154.6692008972168,186.36660861968994
2022-03-09,108.69999694824219,138.33960485458374,145.5005965232849
2022-03-10,106.0199966430664,132.58139562606812,138.44040155410767
2022-03-11,109.33000183105469,139.10819721221924,143.53919649124146
2022-03-14,103.01000213623047,133.09380054473877,137.60459804534912
2022-03-15,96.44000244140625,125.92020177841187,127.24740171432495
2022-03-16,95.04000091552734,125.47499799728394,130.20420169830322
2022-03-17,102.9800033569336,135.0971975326538,146.4708023071289
2022-03-18,104.69999694824219,136.02960205078125,151.12019777297974
2022-03-21,112.12000274658203,141.60719633102417,159.6377992630005
2022-03-22,111.76000213623047,139.88939666748047,162.296404838562
2022-03-23,114.93000030517578,144.42539834976196,172.82159900665283
2022-03-24,112.33999633789062,142.3673973083496,174.44279766082764
2022-03-25,113.9000015258789,145.74000120162964,172.81320762634277
2022-03-28,105.95999908447266,135.18960285186768,158.9028024673462
2022-03-29,104.23999786376953,134.53859996795654,156.07619905471802
2022-03-30,107.81999969482422,139.65000200271606,159.95700216293335
2022-03-31,100.27999877929688,133.96319961547852,155.03040075302124
2022-04-01,99.2699966430664,132.447003364563,143.80800104141235
2022-04-04,103.27999877929688,134.32020378112793,148.93619585037231
2022-04-05,101.95999908447266,132.92580270767212,145.66439867019653
2022-04-06,96.2300033569336,127.94040155410767,140.49840259552002
2022-04-07,96.02999877929688,127.67159700393677,137.24760389328003
2022-04-08,98.26000213623047,131.52719593048096,139.33920049667358
2022-04-11,94.29000091552734,126.1301965713501,137.24339818954468
2022-04-12,100.5999984741211,132.4596004486084,145.50480222702026
2022-04-13,104.25,138.23460245132446,156.1728000640869
2022-04-14,106.94999694824219,142.0188045501709,161.90159940719604
2022-04-18,108.20999908447266,141.8801965713501,163.41359996795654
2022-04-19,102.55999755859375,136.3908019065857,162.19980382919312
2022-04-20,102.75,137.96160221099854,166.87019777297974
2022-04-21,103.79000091552734,140.22119665145874,163.83359956741333
2022-04-22,102.06999969482422,138.8100028038025,165.42120265960693
2022-04-25,98.54000091552734,136.07159900665283,171.81779766082764
2022-04-26,101.69999694824219,140.22959804534912,187.6517915725708
2022-04-27,102.0199966430664,145.1520037651062,196.3206081390381
2022-04-28,105.36000061035156,147.14280366897583,215.68679237365723
2022-04-29,104.69000244140625,145.82820081710815,200.83140563964844
2022-05-02,105.16999816894531,147.42419528961182,176.60579109191895
2022-05-03,102.41000366210938,147.05039834976196,171.47339057922363
2022-05-04,107.80999755859375,153.3965950012207,176.274001121521
2022-05-05,108.26000213623047,153.6653995513916,169.73459243774414
2022-05-06,109.7699966430664,157.8780026435852,166.08059692382812
2022-05-09,103.08999633789062,152.95980262756348,161.0657958984375
2022-05-10,99.76000213623047,148.74300384521484,165.15239810943604
2022-05-11,105.70999908447266,154.7909960746765,165.95040035247803
2022-05-12,106.12999725341797,159.2513952255249,164.47620105743408
2022-05-13,110.48999786376953,166.22759628295898,164.69040155410767
2022-05-16,114.19999694824219,168.9618043899536,164.11500120162964
2022-05-17,112.4000015258789,165.55139923095703,159.57059812545776
2022-05-18,109.58999633789062,156.26519536972046,154.06020498275757
2022-05-19,112.20999908447266,160.93140363693237,159.26400232315063
2022-05-20,113.2300033569336,161.15399551391602,157.04219913482666
2022-05-23,110.29000091552734,159.50339698791504,158.2896008491516
2022-05-24,109.7699966430664,160.06200456619263,158.83560132980347
2022-05-25,110.33000183105469,160.93140363693237,162.38880014419556
2022-05-26,114.08999633789062,162.85079669952393,166.65599727630615
2022-05-27,115.06999969482422,168.66359996795654,168.12180519104004
2022-05-31,114.66999816894531,171.37679958343506,171.81779766082764
2022-06-01,115.26000213623047,171.00719833374023,174.01860237121582
2022-06-02,116.87000274658203,176.0177936553955,176.7527904510498
2022-06-03,118.87000274658203,178.59240531921387,179.7726058959961
2022-06-06,118.5,176.10599327087402,183.1241912841797
2022-06-07,119.41000366210938,174.62340259552002,181.46520137786865
2022-06-08,122.11000061035156,177.31979942321777,181.2006025314331
2022-06-09,121.51000213623047,179.60039234161377,184.95539474487305
2022-06-10,120.66999816894531,175.23240852355957,183.4014072418213
2022-06-13,120.93000030517578,169.482590675354,179.9028024673462
2022-06-14,118.93000030517578,167.73959684371948,184.548002243042
2022-06-15,115.30999755859375,163.55640363693237,190.97399711608887
2022-06-16,117.58999633789062,166.14360237121582,191.99460124969482
2022-06-17,109.55999755859375,159.30599927902222,182.2715950012207
2022-06-21,110.6500015258789,159.3690047264099,183.05279445648193
2022-06-22,106.19000244140625,161.0322003364563,184.99320602416992
2022-06-23,104.2699966430664,158.15519857406616,182.1918067932129
2022-06-24,107.62000274658203,163.1615982055664,183.24179077148438
2022-06-27,109.56999969482422,161.1623969078064,177.66839218139648
2022-06-28,111.76000213623047,165.27420330047607,176.37479782104492
2022-06-29,109.77999877929688,160.73399591445923,169.54139041900635
2022-06-30,105.76000213623047,153.29160261154175,163.72440147399902
2022-07-01,108.43000030517578,154.8875970840454,165.43379974365234
2022-07-05,99.5,139.81799983978271,151.2671971321106
2022-07-06,98.52999877929688,135.93719673156738,143.24519777297974
2022-07-07,102.7300033569336,143.65679597854614,154.303795337677
2022-07-08,104.79000091552734,144.77819681167603,154.26179838180542
2022-07-11,104.08999633789062,145.4123969078064,158.26020097732544
2022-07-12,95.83999633789062,137.11320161819458,153.82920169830322
2022-07-13,96.30000305175781,135.81540155410767,153.9677996635437
2022-07-14,95.77999877929688,133.84560012817383,153.274799823761
2022-07-15,97.58999633789062,134.9544038772583,155.35799503326416
2022-07-18,102.5999984741211,137.10060453414917,153.53099727630615
2022-07-19,104.22000122070312,138.91499519348145,152.3256025314331
2022-07-20,102.26000213623047,137.56679677963257,151.38060092926025
2022-07-21,96.3499984741211,132.27899551391602,150.79260349273682
2022-07-22,94.69999694824219,135.35760068893433,145.13520097732544
2022-07-25,96.69999694824219,142.04399871826172,147.69719552993774
2022-07-26,94.9800033569336,140.91000080108643,150.52379894256592
2022-07-27,97.26000213623047,144.00960445404053,156.12659740447998
2022-07-28,96.41999816894531,145.51320362091064,154.82460165023804
2022-07-29,98.62000274658203,146.50020217895508,152.2374029159546
2022-08-01,93.88999938964844,125.92020177841187,144.48000240325928
2022-08-02,94.41999816894531,128.38139963150024,141.976797580719
2022-08-03,90.66000366210938,122.31239891052246,143.42159700393677
2022-08-04,88.54000091552734,117.32699775695801,140.1623969078064
2022-08-05,89.01000213623047,119.93520498275757,135.06779766082764
2022-08-08,90.76000213623047,121.22039794921875,133.52220153808594
2022-08-09,90.5,124.32840299606323,140.0196032524109
2022-08-10,91.93000030517578,128.95260429382324,143.23260068893433
2022-08-11,94.33999633789062,129.0030026435852,146.32799863815308
2022-08-12,92.08999633789062,127.93200016021729,147.74760389328003
2022-08-15,89.41000366210938,123.97139883041382,144.4925994873047
2022-08-16,86.52999877929688,121.8294038772583,146.1684021949768
2022-08-17,88.11000061035156,123.24899911880493,151.93079710006714
2022-08-18,90.5,127.09619665145874,153.2873969078064
2022-08-19,90.7699966430664,126.7349967956543,155.42100048065186
2022-08-22,90.2300033569336,121.4304027557373,158.6004023551941
2022-08-23,93.73999786376953,123.18600368499756,161.35980463027954
2022-08-24,94.88999938964844,117.62939786911011,168.5543918609619
2022-08-25,92.5199966430664,118.10819721221924,165.8622007369995
2022-08-26,93.05999755859375,119.75460004806519,168.31919288635254
2022-08-29,97.01000213623047,120.8591980934143,164.21579790115356
2022-08-30,91.63999938964844,113.16480302810669,160.3182020187378
2022-08-31,89.55000305175781,109.44780206680298,156.04679918289185
2022-09-01,86.61000061035156,100.1825966835022,149.57039594650269
2022-09-02,86.87000274658203,103.47119665145874,150.27600288391113
2022-09-06,86.87999725341797,101.4677996635437,150.0996036529541
2022-09-07,81.94000244140625,96.92339658737183,150.61199855804443
2022-09-08,83.54000091552734,98.53620386123657,148.6842041015625
2022-09-09,86.79000091552734,102.19019937515259,150.3054027557373
2022-09-12,87.77999877929688,102.68159580230713,151.3302025794983
2022-09-13,87.30999755859375,104.17680358886719,148.73460245132446
2022-09-14,88.4800033569336,106.02899551391602,141.91380214691162
2022-09-15,85.0999984741211,102.00539875030518,134.61839818954468
2022-09-16,85.11000061035156,101.45939826965332,133.24499559402466
2022-09-19,85.7300033569336,103.49219512939453,139.05360317230225
2022-09-20,84.44999694824219,102.8075966835022,141.6324005126953
2022-09-21,82.94000244140625,104.43300104141235,140.0196032524109
2022-09-22,83.48999786376953,105.65940427780151,143.2829990386963
2022-09-23,78.73999786376953,100.0859956741333,135.95819520950317
2022-09-26,76.70999908447266,100.13640403747559,131.422203540802
2022-09-27,78.5,104.71019697189331,136.91580390930176
2022-09-28,82.1500015258789,108.27179718017578,144.87479782104492
2022-09-29,81.2300033569336,105.31920289993286,143.4131956100464
2022-09-30,79.48999786376953,103.84919929504395,141.49799823760986
2022-10-03,83.62999725341797,105.54180479049683,141.50220394134521
2022-10-04,86.5199966430664,112.68600368499756,148.50359916687012
2022-10-05,87.76000213623047,112.07699775695801,154.84979581832886
2022-10-06,88.44999694824219,112.61880254745483,162.32580471038818
2022-10-07,92.63999938964844,114.85320281982422,168.78540515899658
2022-10-10,91.12999725341797,110.15760469436646,164.41740131378174
2022-10-11,89.3499984741211,110.3466010093689,165.0935983657837
2022-10-12,87.2699966430664,110.47260189056396,165.17760229110718
2022-10-13,89.11000061035156,113.54279565811157,171.98159980773926
2022-10-14,85.61000061035156,110.49779605865479,167.1684021949768
2022-10-17,85.45999908447266,108.9102029800415,171.5783929824829
2022-10-18,82.81999969482422,107.12520217895508,167.72699975967407
2022-10-19,85.55000305175781,111.39239931106567,163.9805989265442
2022-10-20,85.9800033569336,111.20759868621826,157.78559732437134
2022-10-21,85.05000305175781,111.80399751663208,160.9565978050232
2022-10-24,84.58000183105469,114.6684021949768,164.64419889450073
2022-10-25,85.31999969482422,122.47199535369873,166.62240171432495
2022-10-26,87.91000366210938,121.77479982376099,173.0442008972168
2022-10-27,89.08000183105469,126.48720073699951,182.02379894256592
2022-10-28,87.9000015258789,122.07719993591309,191.09159660339355
2022-10-31,86.52999877929688,118.0493974685669,176.0177936553955
2022-11-01,88.37000274658203,108.96900272369385,152.08619785308838
2022-11-02,90.0,113.28240251541138,154.45080471038818
2022-11-03,88.16999816894531,113.1438045501709,162.34259748458862
2022-11-04,92.61000061035156,114.8616042137146,164.42159700393677
2022-11-07,91.79000091552734,111.43020057678223,158.8062014579773
2022-11-08,88.91000366210938,110.74139642715454,158.36939907073975
2022-11-09,85.83000183105469,106.87320041656494,153.56460285186768
2022-11-10,86.47000122070312,107.78459644317627,149.9148030281067
2022-11-11,88.95999908447266,109.60320281982422,149.3225998878479
2022-11-14,85.87000274658203,106.19700336456299,148.8479962348938
2022-11-15,86.91999816894531,105.67619705200195,152.93459844589233
2022-11-16,85.58999633789062,105.3359956741333,151.77120065689087
2022-11-17,81.63999938964844,103.09739971160889,148.04160261154175
2022-11-18,80.08000183105469,101.6735987663269,147.76020097732544
2022-11-21,79.7300033569336,102.35819721221924,146.88659620285034
2022-11-22,80.94999694824219,106.70099687576294,145.79459524154663
2022-11-23,77.94000244140625,103.92480182647705,141.0905957221985
2022-11-25,76.27999877929688,97.78440427780151,136.04219913482666
2022-11-28,77.23999786376953,97.88520097732544,135.04679918289185
2022-11-29,78.19999694824219,97.94819641113281,138.42780447006226
2022-11-30,80.55000305175781,101.57699775695801,141.2418007850647
2022-12-01,81.22000122070312,98.36400032043457,137.0207962989807
2022-12-02,79.9800033569336,95.77680158615112,133.076997756958
2022-12-05,76.93000030517578,92.4798002243042,125.99159860610962
2022-12-06,74.25,90.26220273971558,122.45099687576294
2022-12-07,72.01000213623047,87.24239730834961,116.78099727630615
2022-12-08,71.45999908447266,86.06219673156738,120.95160341262817
2022-12-09,71.0199966430664,86.3561954498291,117.33539915084839
2022-12-12,73.16999816894531,87.4020037651062,124.67699575424194
2022-12-13,75.38999938964844,90.75780487060547,129.87240171432495
2022-12-14,77.27999877929688,94.26480102539062,137.6255965232849
2022-12-15,76.11000061035156,91.00560092926025,137.9028024673462
2022-12-16,74.29000091552734,89.55659580230713,131.03579950332642
2022-12-19,75.19000244140625,91.45919609069824,128.2469973564148
2022-12-20,76.08999633789062,93.35760068893433,128.4738049507141
2022-12-21,78.29000091552734,94.74360036849976,131.85899591445923
2022-12-22,77.48999786376953,94.44960165023804,131.5188045501709
2022-12-23,79.55999755859375,100.11119985580444,137.17619705200195
2022-12-27,79.52999877929688,99.12839698791504,140.8553967475891
2022-12-28,78.95999908447266,99.2418007850647,141.8675994873047
2022-12-29,78.4000015258789,99.56939506530762,139.1459984779358
2022-12-30,80.26000213623047,103.29900312423706,141.21240091323853
2023-01-03,76.93000030517578,99.17040395736694,129.63299703598022
2023-01-04,72.83999633789062,94.88640403747559,124.81979942321777
2023-01-05,73.66999816894531,95.21820402145386,124.83660221099854
2023-01-06,73.7699966430664,94.273202419281,126.18899631500244
2023-01-09,74.62999725341797,96.30180358886719,127.5120005607605
2023-01-10,75.12000274658203,97.7633957862854,131.69939947128296
2023-01-11,77.41000366210938,102.24899911880493,135.15180158615112
2023-01-12,78.38999938964844,103.9626030921936,135.19800424575806
2023-01-13,79.86000061035156,106.37759828567505,136.74779605865479
2023-01-17,80.18000030517578,106.89419889450073,136.54199695587158
2023-01-18,79.4800033569336,105.98699855804443,137.04600048065186
2023-01-19,80.33000183105469,109.06560373306274,141.78780126571655
2023-01-20,81.30999755859375,111.10680198669434,145.6055989265442
2023-01-23,81.62000274658203,113.2530026435852,149.1377992630005
2023-01-24,80.12999725341797,111.24539995193481,143.9424033164978
2023-01-25,80.1500015258789,108.92280006408691,141.17459964752197
2023-01-26,81.01000213623047,109.70819520950317,142.65300464630127
2023-01-27,79.68000030517578,108.72119665145874,137.15100288391113
2023-01-30,77.9000015258789,104.95379734039307,130.65360116958618
2023-01-31,78.87000274658203,106.82699775695801,133.6566038131714
2023-02-01,76.41000366210938,103.05959844589233,123.946204662323
2023-02-02,75.87999725341797,102.99660301208496,121.66139602661133
2023-02-03,73.38999938964844,97.48200416564941,116.56260108947754
2023-02-06,74.11000061035156,99.68279886245728,116.28539514541626
2023-02-07,77.13999938964844,103.1855993270874,121.98480463027954
2023-02-08,78.47000122070312,103.43760108947754,121.51860237121582
2023-02-09,78.05999755859375,102.79499959945679,118.24679517745972
2023-02-10,79.72000122070312,105.15540075302124,120.31319761276245
2023-02-13,80.13999938964844,106.3062014579773,122.03939867019653
2023-02-14,79.05999755859375,104.51700496673584,123.4841980934143
2023-02-15,78.58999633789062,104.90760469436646,119.4647970199585
2023-02-16,78.48999786376953,102.29099607467651,118.05360317230225
2023-02-17,76.33999633789062,101.14440107345581,113.90820121765137
2023-02-21,76.16000366210938,101.45520257949829,117.25979661941528
2023-02-22,73.94999694824219,98.17919969558716,114.0215950012207
2023-02-23,75.38999938964844,99.93899631500244,113.74020338058472
2023-02-24,76.31999969482422,99.06540155410767,117.44040155410767
2023-02-27,75.68000030517578,99.46859836578369,118.43159580230713
2023-02-28,77.05000305175781,102.24059772491455,118.47779846191406
2023-03-01,77.69000244140625,112.34159660339355,120.69960165023804
2023-03-02,78.16000366210938,113.41259908676147,120.38039875030518
2023-03-03,79.68000030517578,115.51680278778076,122.35020017623901
2023-03-06,80.45999908447266,117.45299863815308,121.23720073699951
2023-03-07,77.58000183105469,113.42940187454224,117.49499559402466
2023-03-08,76.66000366210938,112.93379974365234,115.15979862213135
2023-03-09,75.72000122070312,109.41419649124146,112.09380054473877
2023-03-10,76.68000030517578,111.1236047744751,116.46180438995361
2023-03-13,74.80000305175781,108.83879613876343,115.98299503326416
2023-03-14,71.33000183105469,107.225998878479,114.00480222702026
2023-03-15,67.61000061035156,102.41280126571655,109.40579509735107
2023-03-16,68.3499984741211,105.14699935913086,111.0270037651062
2023-03-17,66.73999786376953,105.06299543380737,112.50539875030518
2023-03-20,67.63999938964844,106.5120005607605,112.85819721221924
2023-03-21,69.33000183105469,106.63379573822021,112.98840379714966
2023-03-22,70.9000015258789,108.91439867019653,115.09259748458862
2023-03-23,69.95999908447266,109.44780206680298,112.75740051269531
2023-03-24,69.26000213623047,108.71700096130371,113.19839859008789
2023-03-27,72.80999755859375,112.73640203475952,116.35680198669434
2023-03-28,73.19999694824219,113.90820121765137,116.32319641113281
2023-03-29,72.97000122070312,112.06020498275757,111.64019536972046
2023-03-30,74.37000274658203,111.77880334854126,110.19539594650269
2023-03-31,75.66999816894531,113.42100048065186,112.40460205078125
2023-04-03,80.41999816894531,115.81499719619751,111.82920169830322
2023-04-04,80.70999908447266,114.95819520950317,112.0013952255249
2023-04-05,80.61000061035156,118.44420289993286,114.70199775695801
2023-04-06,80.69999694824219,118.1585955619812,111.7410020828247
2023-04-10,79.73999786376953,117.9317979812622,112.61880254745483
2023-04-11,81.52999877929688,120.3384017944336,112.0644006729126
2023-04-12,83.26000213623047,120.6533989906311,113.53019857406616
2023-04-13,82.16000366210938,118.93140363693237,112.25760269165039
2023-04-14,82.5199966430664,119.1078028678894,110.84639883041382
2023-04-17,80.83000183105469,116.50799703598022,109.8174033164978
2023-04-18,80.86000061035156,115.53780126571655,109.19580030441284
2023-04-19,79.16000366210938,111.11099767684937,107.42339658737183
2023-04-20,77.29000091552734,108.6288013458252,104.78579950332642
2023-04-21,77.87000274658203,109.2671971321106,104.52120065689087
2023-04-24,78.76000213623047,110.53559732437134,106.30199575424194
2023-04-25,77.06999969482422,108.72119665145874,102.946204662323
2023-04-26,74.30000305175781,107.07480382919312,99.66599607467651
2023-04-27,74.76000213623047,106.37759828567505,98.8763952255249
2023-04-28,76.77999877929688,108.27600288391113,99.90540075302124
2023-05-01,75.66000366210938,107.1168007850647,100.05659580230713
2023-05-02,71.66000366210938,102.2993974685669,96.14640283584595
2023-05-03,68.5999984741211,97.52819681167603,93.75660181045532
2023-05-04,68.55999755859375,97.68780326843262,94.0253963470459
2023-05-05,71.33999633789062,99.91799783706665,97.21739530563354
2023-05-08,73.16000366210938,103.38720273971558,99.86340379714966
2023-05-09,73.70999908447266,104.15579509735107,100.3883957862854
2023-05-10,72.55999755859375,104.78579950332642,100.52279806137085
2023-05-11,70.87000274658203,103.22340059280396,98.67899751663208
2023-05-12,70.04000091552734,102.06840419769287,96.83100128173828
2023-05-15,71.11000061035156,103.8239951133728,99.87600088119507
2023-05-16,70.86000061035156,104.12219953536987,99.28379774093628
2023-05-17,72.83000183105469,107.90640163421631,101.74920129776001
2023-05-18,71.86000061035156,107.86860036849976,100.90920209884644
2023-05-19,71.55000305175781,108.196204662323,99.21240091323853
2023-05-22,71.98999786376953,111.2538013458252,99.38880014419556
2023-05-23,72.91000366210938,111.81239891052246,99.19140243530273
2023-05-24,74.33999633789062,114.2903995513916,101.37540435791016
2023-05-25,71.83000183105469,112.28700256347656,98.5403995513916
2023-05-26,72.66999816894531,113.54279565811157,99.51059532165527
2023-05-30,69.45999908447266,109.02780246734619,95.79360437393188
2023-05-31,68.08999633789062,107.5158019065857,94.90319681167603
2023-06-01,70.0999984741211,102.32039594650269,97.21739530563354
2023-06-02,71.73999786376953,105.02939987182617,98.98979902267456
2023-06-05,72.1500015258789,106.02479982376099,99.85500240325928
2023-06-06,71.73999786376953,107.7006025314331,99.4475998878479
2023-06-07,72.52999877929688,110.9304027557373,100.87559652328491
2023-06-08,71.29000091552734,109.73339939117432,100.37160301208496
2023-06-09,70.16999816894531,108.91439867019653,99.16200256347656
2023-06-12,67.12000274658203,104.26919889450073,96.98219633102417
2023-06-13,69.41999816894531,107.4317979812622,100.61099767684937
2023-06-14,68.2699966430664,107.29320001602173,99.02340459823608
2023-06-15,70.62000274658203,110.9514012336731,104.14319801330566
2023-06-16,71.77999877929688,112.58100128173828,107.15879774093628
2023-06-20,70.5,109.58640003204346,103.96679878234863
2023-06-21,72.52999877929688,110.21219873428345,107.69639682769775
2023-06-22,69.51000213623047,107.10420370101929,103.5510048866272
2023-06-23,69.16000366210938,105.72239971160889,101.09819841384888
2023-06-26,69.37000274658203,106.57499599456787,102.42960405349731
2023-06-27,67.69999694824219,105.70559692382812,100.75799703598022
2023-06-28,69.55999755859375,109.3427996635437,101.08139562606812
2023-06-29,69.86000061035156,109.94340419769287,101.45520257949829
2023-06-30,70.63999938964844,110.6280026435852,102.82439947128296
2023-07-03,69.79000091552734,103.42079830169678,99.8466010093689
2023-07-05,71.79000091552734,105.76860237121582,104.71859836578369
2023-07-06,71.80000305175781,106.83960485458374,104.13479661941528
2023-07-07,73.86000061035156,108.75059652328491,107.48219633102417
2023-07-10,72.98999786376953,107.92320442199707,107.23440027236938
2023-07-11,74.83000183105469,110.1533989906311,108.51539754867554
2023-07-12,75.75,112.01400232315063,109.18320322036743
2023-07-13,76.88999938964844,112.50120306015015,109.63679838180542
2023-07-14,75.41999816894531,111.03539514541626,109.11179637908936
2023-07-17,74.1500015258789,110.53140163421631,107.69639682769775
2023-07-18,75.75,113.16480302810669,109.17480182647705
2023-07-19,75.3499984741211,114.26099967956543,110.95559692382812
2023-07-20,75.62999725341797,115.21440267562866,111.90480422973633
2023-07-21,77.06999969482422,117.67560052871704,115.31939506530762
2023-07-24,78.73999786376953,121.59420490264893,116.36099767684937
2023-07-25,79.62999725341797,119.83860397338867,116.65920209884644
2023-07-26,78.77999877929688,122.10240411758423,119.40180158615112
2023-07-27,80.08999633789062,123.92100048065186,122.50979661941528
2023-07-28,80.58000183105469,124.14360237121582,124.26120185852051
2023-07-31,81.80000305175781,123.01799583435059,125.61780166625977
2023-08-01,81.37000274658203,120.66599607467651,126.9828028678894
2023-08-02,79.48999786376953,116.58359956741333,126.18060493469238
2023-08-03,81.55000305175781,116.11739730834961,129.1457962989807
2023-08-04,82.81999969482422,116.89019536972046,128.6124029159546
2023-08-07,81.94000244140625,117.78479862213135,126.65100288391113
2023-08-08,82.91999816894531,119.49419689178467,129.59519577026367
2023-08-09,84.4000015258789,122.99280166625977,134.69400072097778
2023-08-10,82.81999969482422,121.99740171432495,132.4386019706726
2023-08-11,83.19000244140625,124.52580070495605,131.10300064086914
2023-08-14,82.51000213623047,122.06039714813232,129.70859956741333
2023-08-15,80.98999786376953,119.59919929504395,127.1760048866272
2023-08-16,79.37999725341797,120.41820001602173,126.87780046463013
2023-08-17,80.38999938964844,118.51140403747559,129.93960285186768
2023-08-18,81.25,118.57439947128296,132.70739650726318
2023-08-21,80.72000122070312,116.44919729232788,130.88039875030518
2023-08-22,80.3499984741211,117.1421971321106,131.82959604263306
2023-08-23,78.88999938964844,116.28960084915161,131.422203540802
2023-08-24,79.05000305175781,116.75999879837036,132.5687985420227
2023-08-25,79.83000183105469,120.80879974365234,138.91499519348145
2023-08-28,80.0999984741211,117.41940307617188,134.5554027557373
2023-08-29,81.16000366210938,117.20099687576294,134.79900312423706
2023-08-30,81.62999725341797,117.98640203475952,130.0403995513916
2023-08-31,83.62999725341797,116.18880414962769,131.98920249938965
2023-09-01,85.55000305175781,108.83040475845337,130.41000080108643
2023-09-05,86.69000244140625,108.4020037651062,135.22319841384888
2023-09-06,87.54000091552734,109.25879573822021,134.0933961868286
2023-09-07,86.87000274658203,110.16599607467651,134.91660261154175
2023-09-08,87.51000213623047,111.45540475845337,138.56219673156738
2023-09-11,87.29000091552734,114.18539714813232,141.21240091323853
2023-09-12,88.83999633789062,114.57180118560791,139.78859996795654
2023-09-13,88.5199966430664,115.01279926300049,144.28680038452148
2023-09-14,90.16000366210938,115.19340419769287,146.2229962348938
2023-09-15,90.7699966430664,113.74020338058472,142.10279846191406
2023-09-18,91.4800033569336,113.31180238723755,138.1086015701294
2023-09-19,91.19999694824219,111.64019536972046,141.70379734039307
2023-09-20,90.27999877929688,110.00639963150024,139.72560453414917
2023-09-21,89.62999725341797,110.03579950332642,141.45600128173828
2023-09-22,90.02999877929688,107.59560012817383,138.86040115356445
2023-09-25,89.68000030517578,106.84380054473877,137.01240491867065
2023-09-26,90.38999938964844,107.61240291595459,135.3995976448059
2023-09-27,93.68000030517578,109.14119625091553,139.21739530563354
2023-09-28,91.70999908447266,105.22260189056396,139.35600328445435
2023-09-29,90.79000091552734,102.47579669952393,141.21240091323853
2023-10-02,88.81999969482422,101.31239891052246,135.34500360488892
2023-10-03,89.2300033569336,99.12420129776001,134.20679998397827
2023-10-04,84.22000122070312,92.31599807739258,126.74760389328003
2023-10-05,82.30999755859375,91.93799543380737,120.48540115356445
2023-10-06,82.79000091552734,92.07239770889282,121.83359956741333
2023-10-09,86.37999725341797,94.00020217895508,124.59719753265381
2023-10-10,85.97000122070312,94.85279846191406,126.84420490264893
2023-10-11,83.48999786376953,92.82419729232788,125.93700456619263
2023-10-12,82.91000366210938,90.92999839782715,127.88579750061035
2023-10-13,87.69000244140625,95.14260149002075,134.8913984298706
2023-10-16,86.66000366210938,95.46600008010864,132.2663984298706
2023-10-17,86.66000366210938,95.9489951133728,133.421404838562
2023-10-18,88.31999969482422,98.84699535369873,131.85060453414917
2023-10-19,89.37000274658203,99.19140243530273,133.26600408554077
2023-10-20,88.75,99.69120025634766,132.5771999359131
2023-10-23,85.48999786376953,97.79700136184692,130.01099967956543
2023-10-24,83.73999786376953,95.23920249938965,127.88579750061035
2023-10-25,85.38999938964844,95.93639802932739,127.28099727630615
2023-10-26,83.20999908447266,94.75619745254517,127.84380054473877
2023-10-27,85.54000091552734,97.125,128.17979621887207
2023-10-30,82.30999755859375,93.24000120162964,124.5846004486084
2023-10-31,81.0199966430664,93.3534049987793,125.6219973564148
2023-11-01,80.44000244140625,91.79099607467651,124.38299703598022
2023-11-02,82.45999908447266,94.33200216293335,127.07100248336792
2023-11-03,80.51000213623047,92.44199895858765,122.79959964752197
2023-11-06,80.81999969482422,93.90779685974121,124.00079870223999
2023-11-07,77.37000274658203,91.0434021949768,119.21279525756836
2023-11-08,75.33000183105469,89.39699935913086,115.4664044380188
2023-11-09,75.73999786376953,90.75359916687012,114.20219993591309
2023-11-10,77.16999816894531,91.95900392532349,115.21019697189331
2023-11-13,78.26000213623047,93.90779685974121,119.25059652328491
2023-11-14,78.26000213623047,93.35760068893433,119.15820121765137
2023-11-15,76.66000366210938,92.47560453414917,120.48540115356445
2023-11-16,72.9000015258789,88.2461986541748,115.50840139389038
2023-11-17,75.88999938964844,91.74899911880493,116.44500160217285
2023-11-20,77.5999984741211,93.49200296401978,119.67899751663208
2023-11-21,77.7699966430664,93.8195972442627,122.8458023071289
2023-11-22,77.0999984741211,93.76079750061035,121.34220314025879
2023-11-23,77.0999984741211,93.00480222702026,120.59040355682373
2023-11-24,75.54000091552734,90.9342041015625,119.09940147399902
2023-11-27,74.86000061035156,91.55579710006714,119.19179677963257
2023-11-28,76.41000366210938,93.66000080108643,122.09400272369385
2023-11-29,77.86000061035156,95.91120386123657,121.31699895858765
2023-11-30,75.95999908447266,92.39160060882568,118.88099527359009
2023-12-01,74.06999969482422,89.08619785308838,111.78299903869629
2023-12-04,73.04000091552734,89.63640403747559,111.70739650726318
2023-12-05,72.31999969482422,88.63260269165039,110.92619705200195
2023-12-06,69.37999725341797,85.26840019226074,108.20040035247803
2023-12-07,69.33999633789062,84.05039834976196,107.06640243530273
2023-12-08,71.2300033569336,86.09159660339355,108.4020037651062
2023-12-11,71.31999969482422,85.81020498275757,109.56540155410767
2023-12-12,68.61000061035156,83.14739871025085,105.31080150604248
2023-12-13,69.47000122070312,85.04579830169678,107.0201997756958
2023-12-14,71.58000183105469,88.98959684371948,108.8346004486084
2023-12-15,71.43000030517578,89.75400352478027,110.07360076904297
2023-12-18,72.47000122070312,90.67799663543701,112.25760269165039
2023-12-19,73.44000244140625,92.43359756469727,114.10559892654419
2023-12-20,74.22000122070312,92.42940187454224,113.75699615478516
2023-12-21,73.88999938964844,90.65699815750122,113.26559972763062
2023-12-22,73.55999755859375,89.46420049667358,111.77040195465088
2023-12-26,75.56999969482422,90.64859676361084,112.08960485458374
2023-12-27,74.11000061035156,90.50999879837036,110.20379734039307
2023-12-28,71.7699966430664,87.57840299606323,107.36459684371948
2023-12-29,71.6500015258789,88.3092041015625,107.23020458221436
2024-01-02,70.37999725341797,87.98579549789429,106.08359956741333
2024-01-03,72.69999694824219,90.64019536972046,109.38479661941528
2024-01-04,72.19000244140625,88.62420129776001,108.71279525756836
2024-01-05,73.80999755859375,88.43099927902222,109.55700016021729
2024-01-08,70.7699966430664,85.16760349273682,108.2298002243042
2024-01-09,72.23999786376953,87.22560453414917,111.31679677963257
2024-01-10,71.37000274658203,86.82660341262817,109.22520017623901
2024-01-11,72.0199966430664,88.80060052871704,112.29959964752197
2024-01-12,72.68000030517578,89.05260229110718,112.11060333251953
2024-01-16,72.4000015258789,89.1198034286499,111.74519777297974
2024-01-17,72.55999755859375,89.68680238723755,111.45119905471802
2024-01-18,74.08000183105469,91.70700216293335,113.13119745254517
2024-01-19,73.41000366210938,90.8376030921936,111.80820322036743
2024-01-22,75.19000244140625,93.98759508132935,113.12700176239014
2024-01-23,74.37000274658203,92.82419729232788,113.03459644317627
2024-01-24,75.08999633789062,92.79900312423706,112.63559532165527
2024-01-25,77.36000061035156,95.1048002243042,117.40679597854614
2024-01-26,78.01000213623047,96.35220193862915,119.42280006408691
2024-01-29,76.77999877929688,93.59699535369873,119.02379894256592
2024-01-30,77.81999969482422,94.94939947128296,117.88559532165527
2024-01-31,75.8499984741211,91.69860076904297,117.94439506530762
2024-02-01,73.81999969482422,92.18159580230713,113.94179677963257
2024-02-02,72.27999877929688,90.19500160217285,111.72000360488892
2024-02-05,72.77999877929688,92.78639602661133,114.44160461425781
2024-02-06,73.30999755859375,93.12659740447998,115.19340419769287
2024-02-07,73.86000061035156,95.04600048065186,118.23840379714966
2024-02-08,76.22000122070312,98.36400032043457,121.41359996795654
2024-02-09,76.83999633789062,98.2589979171753,124.49640083312988
2024-02-12,76.91999816894531,99.42660140991211,122.62320041656494
2024-02-13,77.87000274658203,100.57319641113281,121.62780046463013
2024-02-14,76.63999938964844,97.30980062484741,118.02420330047607
2024-02-15,78.02999877929688,97.36860036849976,118.59539794921875
2024-02-16,79.19000244140625,98.11199855804443,117.87720394134521
2024-02-20,78.18000030517578,95.65080070495605,114.7229962348938
2024-02-21,77.91000366210938,96.0120005607605,113.61839818954468
2024-02-22,78.61000061035156,98.05740451812744,115.58400392532349
2024-02-23,76.48999786376953,95.62140083312988,112.96739530563354
2024-02-26,77.58000183105469,96.83519697189331,116.03340339660645
2024-02-27,78.87000274658203,98.4647970199585,115.33200216293335
2024-02-28,78.54000091552734,95.38199615478516,111.64859676361084
2024-02-29,78.26000213623047,96.78060293197632,112.71959924697876
2024-03-01,79.97000122070312,109.80479621887207,113.5764012336731
2024-03-04,78.73999786376953,108.59940147399902,111.18240451812744
2024-03-05,78.1500015258789,106.37759828567505,109.4729962348938
2024-03-06,79.12999725341797,107.26380014419556,111.8586015701294
2024-03-07,78.93000030517578,107.30160140991211,113.1774001121521
2024-03-08,78.01000213623047,106.14239931106567,110.91779565811157
2024-03-11,77.93000030517578,108.38099527359009,111.37559652328491
2024-03-12,77.55999755859375,108.6288013458252,109.89299583435059
2024-03-13,79.72000122070312,111.78299903869629,112.77420330047607
2024-03-14,81.26000213623047,113.53859996795654,113.76960325241089
2024-03-15,81.04000091552734,114.27359676361084,114.53399991989136
2024-03-18,82.72000122070312,115.80659580230713,117.10439586639404
2024-03-19,83.47000122070312,116.01240491867065,115.94939947128296
2024-03-20,81.68000030517578,114.79440307617188,113.21939706802368
2024-03-21,81.06999969482422,114.53819561004639,112.08960485458374
2024-03-22,80.62999725341797,115.07159900665283,111.44279766082764
2024-03-25,81.94999694824219,115.43279886245728,112.50120306015015
2024-03-26,81.62000274658203,113.42519617080688,110.11559772491455
2024-03-27,81.3499984741211,112.75740051269531,109.14119625091553
2024-03-28,83.16999816894531,115.96620225906372,109.85520458221436
2024-04-01,83.70999908447266,113.82000160217285,110.33819961547852
2024-04-02,85.1500015258789,115.87379693984985,113.89979982376099
2024-04-03,85.43000030517578,115.95780086517334,114.76079750061035
2024-04-04,86.58999633789062,117.35639762878418,115.13460445404053
2024-04-05,86.91000366210938,117.1211986541748,116.46600008010864
2024-04-08,86.43000030517578,115.44120025634766,114.60539674758911
2024-04-09,85.2300033569336,115.73519897460938,112.43400192260742
2024-04-10,86.20999908447266,116.82719993591309,113.71920490264893
2024-04-11,85.0199966430664,116.51220273971558,111.71160221099854
2024-04-12,85.66000366210938,117.72180318832397,112.77420330047607
2024-04-15,85.41000366210938,116.92380094528198,111.47640323638916
2024-04-16,85.36000061035156,118.5365982055664,111.35459804534912
2024-04-17,82.69000244140625,114.60539674758911,108.13740491867065
2024-04-18,82.7300033569336,113.97540235519409,106.42380094528198
2024-04-19,83.13999938964844,113.83259868621826,106.73460245132446
2024-04-22,82.8499984741211,112.78680038452148,107.53680038452148
2024-04-23,83.36000061035156,114.4626030921936,108.3264012336731
2024-04-24,82.80999755859375,114.84059572219849,107.0958023071289
2024-04-25,83.56999969482422,115.84439706802368,107.1168007850647
2024-04-26,83.8499984741211,116.11320161819458,107.02439546585083
2024-04-29,82.62999725341797,115.44539594650269,106.31460285186768
2024-04-30,81.93000030517578,113.85359716415405,105.56280326843262
2024-05-01,79.0,108.25079870223999,102.9798002243042
2024-05-02,78.94999694824219,109.05299663543701,102.61019897460938
2024-05-03,78.11000061035156,107.31419849395752,102.62279605865479
2024-05-06,78.4800033569336,108.7044038772583,103.3788013458252
2024-05-07,78.37999725341797,106.82280206680298,103.55520057678223
2024-05-08,78.98999786376953,106.33560132980347,103.9961986541748
2024-05-09,79.26000213623047,106.75560092926025,104.0592041015625
2024-05-10,78.26000213623047,104.98740291595459,102.2448034286499
2024-05-13,79.12000274658203,105.44099807739258,102.34560012817383
2024-05-14,78.0199966430664,103.30319881439209,101.6400032043457
2024-05-15,78.62999725341797,104.86559772491455,101.7701997756958
2024-05-16,79.2300033569336,106.5876030921936,102.63540315628052
2024-05-17,80.05999755859375,108.11639642715454,104.42459964752197
2024-05-20,79.80000305175781,106.67580270767212,104.45819520950317
2024-05-21,79.26000213623047,105.41999959945679,103.41660261154175
2024-05-22,77.56999969482422,103.64759588241577,102.13559532165527
2024-05-23,76.87000274658203,103.7147970199585,101.2955961227417
2024-05-24,77.72000122070312,104.33640003204346,101.3711986541748
2024-05-28,79.83000183105469,105.3780026435852,103.52999639511108
2024-05-29,79.2300033569336,103.50480222702026,102.35400152206421
2024-05-30,77.91000366210938,100.9931960105896,99.51480102539062
2024-05-31,76.98999786376953,101.89200496673584,99.27120065689087
2024-06-03,74.22000122070312,98.09519577026367,96.44040155410767
2024-06-04,73.25,98.67899751663208,96.00780487060547
2024-06-05,74.06999969482422,98.85120105743408,96.64620065689087
2024-06-06,75.55000305175781,100.69500160217285,99.01919889450073
2024-06-07,75.52999877929688,100.06920289993286,98.77140283584595
2024-06-10,77.73999786376953,101.25780487060547,101.41740131378174
2024-06-11,77.9000015258789,101.17380094528198,101.6945972442627
2024-06-12,78.5,100.56479501724243,102.51359796524048
2024-06-13,78.62000274658203,101.45520257949829,104.44559812545776
2024-06-14,78.44999694824219,100.78320121765137,103.76519536972046
2024-06-17,80.33000183105469,102.76979541778564,104.2650032043457
2024-06-18,81.56999969482422,104.29440307617188,105.8736047744751
2024-06-20,82.16999816894531,105.0335955619812,106.02899551391602
2024-06-21,80.7300033569336,105.57540035247803,104.64299583435059
2024-06-24,81.62999725341797,105.48299503326416,105.89879894256592
2024-06-25,80.83000183105469,105.61739730834961,105.39479541778564
2024-06-26,80.9000015258789,106.87320041656494,106.57499599456787
2024-06-27,81.73999786376953,106.91519737243652,106.99920129776001
2024-06-28,81.54000091552734,106.22219753265381,105.70980262756348
2024-07-01,83.37999725341797,108.28859996795654,109.8174033164978
2024-07-02,82.80999755859375,108.08280086517334,110.44739770889282
2024-07-03,83.87999725341797,109.25460004806519,110.64059972763062
2024-07-05,83.16000366210938,107.48219633102417,109.30080270767212
2024-07-08,82.33000183105469,106.59179878234863,108.32219552993774
2024-07-09,81.41000366210938,106.15080070495605,105.99120426177979
2024-07-10,82.0999984741211,105.14280366897583,105.77279806137085
2024-07-11,82.62000274658203,105.74760389328003,105.76439666748047
2024-07-12,82.20999908447266,105.64260149002075,105.40319681167603
2024-07-15,81.91000366210938,104.64720153808594,105.571204662323
2024-07-16,80.76000213623047,104.05499839782715,103.68960285186768
2024-07-17,82.8499984741211,105.05460405349731,104.74799823760986
2024-07-18,82.81999969482422,105.68880414962769,104.44559812545776
2024-07-19,80.12999725341797,102.91680479049683,101.60220193862915
2024-07-22,79.77999877929688,103.76519536972046,102.26159620285034
2024-07-23,76.95999908447266,101.3921971321106,101.21579790115356
2024-07-24,77.58999633789062,102.96299743652344,103.00079870223999
2024-07-25,78.27999877929688,103.63920450210571,103.7903995513916
2024-07-26,77.16000366210938,103.34100008010864,101.62739610671997
2024-07-29,75.80999755859375,101.44259548187256,99.75
2024-07-30,74.7300033569336,100.2581992149353,98.14560413360596
2024-07-31,77.91000366210938,104.24400472640991,101.45099687576294
2024-08-01,76.30999755859375,100.71600008010864,101.0687985420227
2024-08-02,73.5199966430664,97.33920049667358,97.37700176239014
2024-08-05,72.94000244140625,98.01120185852051,96.54119825363159
2024-08-06,73.19999694824219,97.70040035247803,96.4235987663269
2024-08-07,75.2300033569336,99.00660181045532,98.93520498275757
2024-08-08,76.19000244140625,100.7663984298706,99.02760028839111
2024-08-09,76.83999633789062,100.39260149002075,98.26739931106567
2024-08-12,80.05999755859375,102.601797580719,101.07300424575806
2024-08-13,78.3499984741211,99.73740291595459,100.34639883041382
2024-08-14,76.9800033569336,97.48619985580444,99.46440267562866
2024-08-15,78.16000366210938,99.0360016822815,99.87179517745972
2024-08-16,76.6500015258789,97.0283989906311,97.8054027557373
2024-08-19,74.37000274658203,95.07959604263306,95.06699895858765
2024-08-20,74.04000091552734,94.76459884643555,95.05440187454224
2024-08-21,71.93000030517578,92.6099967956543,94.48740291595459
2024-08-22,73.01000213623047,94.23540115356445,95.06699895858765
2024-08-23,74.83000183105469,95.97419929504395,96.58740091323853
2024-08-26,77.41999816894531,95.75580310821533,98.6160020828247
2024-08-27,75.52999877929688,94.3698034286499,96.02040195465088
2024-08-28,74.5199966430664,93.0215950012207,93.62219953536987
2024-08-29,75.91000366210938,94.4033989906311,95.92799663543701
2024-08-30,73.55000305175781,92.8913984298706,94.56299543380737
2024-09-03,70.33999633789062,83.06339979171753,92.6520037651062
2024-09-04,69.19999694824219,82.3955991268158,90.61500120162964
2024-09-05,69.1500015258789,80.8835985660553,91.09380054473877
2024-09-06,67.66999816894531,79.63200116157532,88.83000040054321
2024-09-09,68.70999908447266,80.6568009853363,89.8548002243042
2024-09-10,65.75,78.5400002002716,86.43600368499756
2024-09-11,67.30999755859375,79.68239951133728,87.85140323638916
2024-09-12,68.97000122070312,80.93400192260742,88.98959684371948
2024-09-13,68.6500015258789,81.06839919090271,87.54060173034668
2024-09-16,70.08999633789062,82.66439867019653,88.06560373306274
2024-09-17,71.19000244140625,84.07979822158813,89.74139642715454
2024-09-18,70.91000366210938,84.44939947128296,90.19500160217285
2024-09-19,71.94999694824219,86.51999759674072,91.22399711608887
2024-09-20,71.91999816894531,85.52880334854126,90.78299903869629
2024-09-23,70.37000274658203,83.5884017944336,90.09420490264893
2024-09-24,71.55999755859375,85.24740171432495,91.58100128173828
2024-09-25,69.69000244140625,83.99579930305481,90.7284049987793
2024-09-26,67.66999816894531,82.37460064888,89.71620225906372
2024-09-27,68.18000030517578,82.02599787712097,89.57339859008789
2024-09-30,68.16999816894531,82.40820121765137,89.53559732437134
2024-10-01,69.83000183105469,82.59719753265381,91.31640243530273
2024-10-02,70.0999984741211,83.40780186653137,91.648202419281
2024-10-03,73.70999908447266,87.88920450210571,96.37739610671997
2024-10-04,74.37999725341797,88.02359676361084,97.13340139389038
2024-10-07,77.13999938964844,90.4596004486084,100.64039754867554
2024-10-08,73.56999969482422,86.86019897460938,96.48239850997925
2024-10-09,73.23999786376953,86.78880214691162,95.62980222702026
2024-10-10,75.8499984741211,90.33779525756836,98.73779726028442
2024-10-11,75.55999755859375,90.36719512939453,98.4437985420227
2024-10-14,73.83000183105469,88.56119585037231,95.5163984298706
2024-10-15,70.58000183105469,85.58339738845825,91.88340139389038
2024-10-16,70.38999938964844,85.69259548187256,91.33740091323853
2024-10-17,70.66999816894531,85.96559572219849,92.16899871826172
2024-10-18,69.22000122070312,84.08400392532349,90.39239931106567
2024-10-21,70.55999755859375,84.61739730834961,91.69860076904297
2024-10-22,72.08999633789062,87.0030026435852,93.95399951934814
2024-10-23,70.7699966430664,85.73879814147949,93.30720233917236
2024-10-24,70.19000244140625,85.16339778900146,92.49660301208496
2024-10-25,71.77999877929688,87.29700136184692,94.00020217895508
2024-10-28,67.37999725341797,82.58880114555359,89.40119504928589
2024-10-29,67.20999908447266,81.97559952735901,89.61539554595947
2024-10-30,68.61000061035156,83.81940007209778,91.87919569015503
2024-10-31,69.26000213623047,84.14699935913086,93.21900272369385
2024-11-01,69.48999786376953,82.59300184249878,93.83640003204346
2024-11-04,71.47000122070312,84.80640363693237,95.93220233917236
2024-11-05,71.98999786376953,85.87320041656494,96.77639722824097
2024-11-06,71.69000244140625,85.48679637908936,95.33999919891357
2024-11-07,72.36000061035156,86.25120306015015,96.02880334854126
2024-11-08,70.37999725341797,84.52500200271606,94.03379774093628
2024-11-11,68.04000091552734,82.19400072097778,92.29919528961182
2024-11-12,68.12000274658203,82.50060153007507,92.85359716415405
2024-11-13,68.43000030517578,82.53420209884644,93.21060132980347
2024-11-14,68.69999694824219,83.23139762878418,92.91660261154175
2024-11-15,67.0199966430664,81.87060213088989,91.17780447006226
2024-11-18,69.16000366210938,84.76860237121582,94.55879974365234
2024-11-19,69.38999938964844,85.58339738845825,94.0884017944336
2024-11-20,68.87000274658203,85.9235987663269,93.50460004806519
2024-11-21,70.0999984741211,86.4948034286499,95.52479982376099
2024-11-22,71.23999786376953,86.57879734039307,95.54579830169678
2024-11-25,68.94000244140625,84.02099847793579,93.88260269165039
2024-11-26,68.7699966430664,83.65559792518616,94.09680318832397
2024-11-27,68.72000122070312,82.88279986381531,92.55119705200195
2024-11-29,68.0,81.63539814949036,92.10600328445435
2024-12-02,68.0999984741211,80.52239871025085,91.4634017944336
2024-12-03,69.94000244140625,82.42079830169678,93.14340019226074
2024-12-04,68.54000091552734,81.44220113754272,91.03079509735107
2024-12-05,68.30000305175781,81.1650002002716,90.53939867019653
2024-12-06,67.19999694824219,80.06040215492249,89.56920289993286
2024-12-09,68.37000274658203,82.00499939918518,91.70700216293335
2024-12-10,68.58999633789062,82.1855993270874,91.81620025634766
2024-12-11,70.29000091552734,83.40360116958618,93.37859916687012
2024-12-12,70.0199966430664,83.51699995994568,93.93719673156738
2024-12-13,71.29000091552734,84.0756025314331,95.33999919891357
2024-12-16,70.70999908447266,82.9794008731842,95.08799743652344
2024-12-17,70.08000183105469,81.64379954338074,93.57180118560791
2024-12-18,70.58000183105469,81.59760189056396,94.71000480651855
2024-12-19,69.91000366210938,80.75759768486023,93.98339939117432
2024-12-20,69.45999908447266,81.54719853401184,93.73139762878418
2024-12-23,69.23999786376953,81.40860056877136,93.50460004806519
2024-12-24,70.0999984741211,82.27379894256592,93.30299663543701
2024-12-26,69.62000274658203,81.72359776496887,92.62260389328003
2024-12-27,70.5999984741211,82.24439907073975,94.28160381317139
2024-12-30,70.98999786376953,83.00460004806519,96.57899951934814
