Date,HO
2019-01-02,1.700600028038025
2019-01-03,1.7419999837875366
2019-01-04,1.7691999673843384
2019-01-07,1.77839994430542
2019-01-08,1.8270000219345093
2019-01-09,1.8808000087738037
2019-01-10,1.9061000347137451
2019-01-11,1.879699945449829
2019-01-14,1.8524999618530273
2019-01-15,1.8722000122070312
2019-01-16,1.8946000337600708
2019-01-17,1.8842999935150146
2019-01-18,1.9160000085830688
2019-01-22,1.9011000394821167
2019-01-23,1.8885999917984009
2019-01-24,1.885599970817566
2019-01-25,1.8918999433517456
2019-01-28,1.8377000093460083
2019-01-29,1.8975000381469727
2019-01-30,1.8983999490737915
2019-01-31,1.8788000345230103
2019-02-01,1.9127000570297241
2019-02-04,1.9074000120162964
2019-02-05,1.8975000381469727
2019-02-06,1.9121999740600586
2019-02-07,1.9005000591278076
2019-02-08,1.9084999561309814
2019-02-11,1.892199993133545
2019-02-12,1.9071999788284302
2019-02-13,1.9387999773025513
2019-02-14,1.97160005569458
2019-02-15,2.0202999114990234
2019-02-19,1.9946000576019287
2019-02-20,2.0183000564575195
2019-02-21,2.03629994392395
2019-02-22,2.031100034713745
2019-02-25,1.9745999574661255
2019-02-26,1.9984999895095825
2019-02-27,2.0216000080108643
2019-02-28,2.0234999656677246
2019-03-01,2.000999927520752
2019-03-04,2.0143001079559326
2019-03-05,2.016400098800659
2019-03-06,2.016200065612793
2019-03-07,2.012700080871582
2019-03-08,1.9997999668121338
2019-03-11,1.9941999912261963
2019-03-12,1.985700011253357
2019-03-13,1.9921000003814697
2019-03-14,1.9848999977111816
2019-03-15,1.9677000045776367
2019-03-18,1.968999981880188
2019-03-19,1.990399956703186
2019-03-20,2.0081000328063965
2019-03-21,1.9871000051498413
2019-03-22,1.96589994430542
2019-03-25,1.9803999662399292
2019-03-26,1.98989999294281
2019-03-27,1.9805999994277954
2019-03-28,1.972000002861023
2019-03-29,1.9733999967575073
2019-04-01,1.9881000518798828
2019-04-02,2.0088999271392822
2019-04-03,2.0067999362945557
2019-04-04,2.013400077819824
2019-04-05,2.0423998832702637
2019-04-08,2.0571000576019287
2019-04-09,2.0448999404907227
2019-04-10,2.087599992752075
2019-04-11,2.067199945449829
2019-04-12,2.07069993019104
2019-04-15,2.061000108718872
2019-04-16,2.082200050354004
2019-04-17,2.069200038909912
2019-04-18,2.0708999633789062
2019-04-22,2.1040000915527344
2019-04-23,2.118000030517578
2019-04-24,2.0987000465393066
2019-04-25,2.098099946975708
2019-04-26,2.0511999130249023
2019-04-29,2.0548999309539795
2019-04-30,2.081199884414673
2019-05-01,2.0941998958587646
2019-05-02,2.0778000354766846
2019-05-03,2.070199966430664
2019-05-06,2.0676000118255615
2019-05-07,2.037600040435791
2019-05-08,2.0562000274658203
2019-05-09,2.043600082397461
2019-05-10,2.0504000186920166
2019-05-13,2.0383999347686768
2019-05-14,2.0589001178741455
2019-05-15,2.0862998962402344
2019-05-16,2.123199939727783
2019-05-17,2.0954999923706055
2019-05-20,2.0736000537872314
2019-05-21,2.079400062561035
2019-05-22,2.049099922180176
2019-05-23,1.962399959564209
2019-05-24,1.9713000059127808
2019-05-28,1.9924999475479126
2019-05-29,1.9674999713897705
2019-05-30,1.9149999618530273
2019-05-31,1.8417999744415283
2019-06-03,1.80649995803833
2019-06-04,1.8214999437332153
2019-06-05,1.7799999713897705
2019-06-06,1.7883000373840332
2019-06-07,1.8248000144958496
2019-06-10,1.8063000440597534
2019-06-11,1.822100043296814
2019-06-12,1.7798999547958374
2019-06-13,1.8065999746322632
2019-06-14,1.8293999433517456
2019-06-17,1.7994999885559082
2019-06-18,1.8278000354766846
2019-06-19,1.8293999433517456
2019-06-20,1.8842999935150146
2019-06-21,1.9157999753952026
2019-06-24,1.9089000225067139
2019-06-25,1.9234000444412231
2019-06-26,1.9713000059127808
2019-06-27,1.9524999856948853
2019-06-28,1.944599986076355
2019-07-01,1.9537999629974365
2019-07-02,1.886299967765808
2019-07-03,1.8986999988555908
2019-07-05,1.9049999713897705
2019-07-08,1.895300030708313
2019-07-09,1.910599946975708
2019-07-10,1.9910000562667847
2019-07-11,1.978600025177002
2019-07-12,1.9801000356674194
2019-07-15,1.9515999555587769
2019-07-16,1.9048999547958374
2019-07-17,1.8926000595092773
2019-07-18,1.8624999523162842
2019-07-19,1.8896000385284424
2019-07-22,1.8995000123977661
2019-07-23,1.9217000007629395
2019-07-24,1.9086999893188477
2019-07-25,1.9142999649047852
2019-07-26,1.9043999910354614
2019-07-29,1.910599946975708
2019-07-30,1.944000005722046
2019-07-31,1.9550000429153442
2019-08-01,1.8529000282287598
2019-08-02,1.8902000188827515
2019-08-05,1.8356000185012817
2019-08-06,1.8240000009536743
2019-08-07,1.7532000541687012
2019-08-08,1.7766000032424927
2019-08-09,1.8079999685287476
2019-08-12,1.805799961090088
2019-08-13,1.8773000240325928
2019-08-14,1.8437000513076782
2019-08-15,1.8107000589370728
2019-08-16,1.8128000497817993
2019-08-19,1.8330999612808228
2019-08-20,1.8543000221252441
2019-08-21,1.857300043106079
2019-08-22,1.8413000106811523
2019-08-23,1.815600037574768
2019-08-26,1.7924000024795532
2019-08-27,1.8158999681472778
2019-08-28,1.8509999513626099
2019-08-29,1.8639999628067017
2019-08-30,1.8281999826431274
2019-09-03,1.8033000230789185
2019-09-04,1.8802000284194946
2019-09-05,1.8884999752044678
2019-09-06,1.9003000259399414
2019-09-09,1.9277000427246094
2019-09-10,1.9312000274658203
2019-09-11,1.9032000303268433
2019-09-12,1.88510000705719
2019-09-13,1.8777999877929688
2019-09-16,2.0838000774383545
2019-09-17,1.9895999431610107
2019-09-18,1.9732999801635742
2019-09-19,2.0048999786376953
2019-09-20,1.986299991607666
2019-09-23,1.996999979019165
2019-09-24,1.9675999879837036
2019-09-25,1.9538999795913696
2019-09-26,1.9551000595092773
2019-09-27,1.94159996509552
2019-09-30,1.9055999517440796
2019-10-01,1.8984999656677246
2019-10-02,1.8730000257492065
2019-10-03,1.8760000467300415
2019-10-04,1.8945000171661377
2019-10-07,1.9033000469207764
2019-10-08,1.910099983215332
2019-10-09,1.9192999601364136
2019-10-10,1.920799970626831
2019-10-11,1.9575999975204468
2019-10-14,1.9150999784469604
2019-10-15,1.909999966621399
2019-10-16,1.9426000118255615
2019-10-17,1.948099970817566
2019-10-18,1.947100043296814
2019-10-21,1.940600037574768
2019-10-22,1.9436999559402466
2019-10-23,1.9643000364303589
2019-10-24,1.986299991607666
2019-10-25,1.979599952697754
2019-10-28,1.9617999792099
2019-10-29,1.9563000202178955
2019-10-30,1.913599967956543
2019-10-31,1.878000020980835
2019-11-01,1.9330999851226807
2019-11-04,1.940500020980835
2019-11-05,1.9565999507904053
2019-11-06,1.9278000593185425
2019-11-07,1.920300006866455
2019-11-08,1.9180999994277954
2019-11-11,1.914199948310852
2019-11-12,1.8976000547409058
2019-11-13,1.912500023841858
2019-11-14,1.9178999662399292
2019-11-15,1.9479999542236328
2019-11-18,1.9047000408172607
2019-11-19,1.8573999404907227
2019-11-20,1.8920999765396118
2019-11-21,1.944700002670288
2019-11-22,1.9293999671936035
2019-11-25,1.9443000555038452
2019-11-26,1.9606000185012817
2019-11-27,1.9464999437332153
2019-11-29,1.8789000511169434
2019-12-02,1.8860000371932983
2019-12-03,1.8798999786376953
2019-12-04,1.9228999614715576
2019-12-05,1.9329999685287476
2019-12-06,1.9521000385284424
2019-12-09,1.944200038909912
2019-12-10,1.965499997138977
2019-12-11,1.9287999868392944
2019-12-12,1.9507999420166016
2019-12-13,1.9864000082015991
2019-12-16,2.004499912261963
2019-12-17,2.033400058746338
2019-12-18,2.0202999114990234
2019-12-19,2.0295000076293945
2019-12-20,2.0218000411987305
2019-12-23,2.022200107574463
2019-12-24,2.03629994392395
2019-12-26,2.0520999431610107
2019-12-27,2.0495998859405518
2019-12-30,2.040600061416626
2019-12-31,2.0283000469207764
2020-01-02,2.0241000652313232
2020-01-03,2.0613999366760254
2020-01-06,2.033900022506714
2020-01-07,2.032399892807007
2020-01-08,1.9581999778747559
2020-01-09,1.9500999450683594
2020-01-10,1.9284000396728516
2020-01-13,1.8980000019073486
2020-01-14,1.9103000164031982
2020-01-15,1.8779000043869019
2020-01-16,1.8600000143051147
2020-01-17,1.8592000007629395
2020-01-21,1.829200029373169
2020-01-22,1.8001999855041504
2020-01-23,1.791599988937378
2020-01-24,1.7339999675750732
2020-01-27,1.6794999837875366
2020-01-28,1.71589994430542
2020-01-29,1.7035000324249268
2020-01-30,1.6396000385284424
2020-01-31,1.624500036239624
2020-02-03,1.5779000520706177
2020-02-04,1.583899974822998
2020-02-05,1.645400047302246
2020-02-06,1.6654000282287598
2020-02-07,1.6433000564575195
2020-02-10,1.6124999523162842
2020-02-11,1.6267000436782837
2020-02-12,1.6756999492645264
2020-02-13,1.6805000305175781
2020-02-14,1.698199987411499
2020-02-18,1.6723999977111816
2020-02-19,1.7067999839782715
2020-02-20,1.69760000705719
2020-02-21,1.6865999698638916
2020-02-24,1.6131999492645264
2020-02-25,1.56850004196167
2020-02-26,1.499400019645691
2020-02-27,1.4891999959945679
2020-02-28,1.4905999898910522
2020-03-02,1.5286999940872192
2020-03-03,1.5329999923706055
2020-03-04,1.5332000255584717
2020-03-05,1.4884999990463257
2020-03-06,1.385200023651123
2020-03-09,1.1628999710083008
2020-03-10,1.249899983406067
2020-03-11,1.2380000352859497
2020-03-12,1.1598000526428223
2020-03-13,1.1374000310897827
2020-03-16,1.0465999841690063
2020-03-17,1.0356999635696411
2020-03-18,0.954200029373169
2020-03-19,1.041700005531311
2020-03-20,1.0062999725341797
2020-03-23,1.0161000490188599
2020-03-24,1.080299973487854
2020-03-25,1.0978000164031982
2020-03-26,1.0503000020980835
2020-03-27,1.06850004196167
2020-03-30,1.0194000005722046
2020-03-31,1.0120999813079834
2020-04-01,0.9322999715805054
2020-04-02,0.9951000213623047
2020-04-03,1.0706000328063965
2020-04-06,1.045699954032898
2020-04-07,1.027500033378601
2020-04-08,1.010699987411499
2020-04-09,0.972599983215332
2020-04-13,0.9945999979972839
2020-04-14,0.9441999793052673
2020-04-15,0.9138000011444092
2020-04-16,0.9463000297546387
2020-04-17,0.9563000202178955
2020-04-20,0.8877999782562256
2020-04-21,0.7268999814987183
2020-04-22,0.7311000227928162
2020-04-23,0.734499990940094
2020-04-24,0.6467000246047974
2020-04-27,0.6104000210762024
2020-04-28,0.6308000087738037
2020-04-29,0.6945000290870667
2020-04-30,0.7318999767303467
2020-05-01,0.7961000204086304
2020-05-04,0.8030999898910522
2020-05-05,0.8960000276565552
2020-05-06,0.8240000009536743
2020-05-07,0.8371000289916992
2020-05-08,0.8992999792098999
2020-05-11,0.8687000274658203
2020-05-12,0.8384000062942505
2020-05-13,0.8313999772071838
2020-05-14,0.8948000073432922
2020-05-15,0.9204000234603882
2020-05-18,1.0063999891281128
2020-05-19,0.9735999703407288
2020-05-20,0.9905999898910522
2020-05-21,0.9890000224113464
2020-05-22,0.9819999933242798
2020-05-26,0.9908000230789185
2020-05-27,0.972100019454956
2020-05-28,0.925599992275238
2020-05-29,0.9646999835968018
2020-06-01,1.0290000438690186
2020-06-02,1.0921000242233276
2020-06-03,1.0645999908447266
2020-06-04,1.0741000175476074
2020-06-05,1.1505999565124512
2020-06-08,1.1212999820709229
2020-06-09,1.1547000408172607
2020-06-10,1.1729999780654907
2020-06-11,1.0880000591278076
2020-06-12,1.1014000177383423
2020-06-15,1.1369999647140503
2020-06-16,1.1821999549865723
2020-06-17,1.1820000410079956
2020-06-18,1.1986000537872314
2020-06-19,1.211400032043457
2020-06-22,1.2186000347137451
2020-06-23,1.2029999494552612
2020-06-24,1.1507999897003174
2020-06-25,1.1555999517440796
2020-06-26,1.136299967765808
2020-06-29,1.1654000282287598
2020-06-30,1.1780999898910522
2020-07-01,1.1995999813079834
2020-07-02,1.2310999631881714
2020-07-06,1.2417000532150269
2020-07-07,1.243299961090088
2020-07-08,1.2344000339508057
2020-07-09,1.2238999605178833
2020-07-10,1.2411999702453613
2020-07-13,1.2235000133514404
2020-07-14,1.2208000421524048
2020-07-15,1.2447999715805054
2020-07-16,1.2279000282287598
2020-07-17,1.219099998474121
2020-07-20,1.2354999780654907
2020-07-21,1.2799999713897705
2020-07-22,1.2706999778747559
2020-07-23,1.25409996509552
2020-07-24,1.2562999725341797
2020-07-27,1.25409996509552
2020-07-28,1.2421000003814697
2020-07-29,1.2532999515533447
2020-07-30,1.211899995803833
2020-07-31,1.2171000242233276
2020-08-03,1.2409000396728516
2020-08-04,1.2583999633789062
2020-08-05,1.263100028038025
2020-08-06,1.249899983406067
2020-08-07,1.2199000120162964
2020-08-10,1.236899971961975
2020-08-11,1.2383999824523926
2020-08-12,1.257200002670288
2020-08-13,1.2381000518798828
2020-08-14,1.2367000579833984
2020-08-17,1.2390999794006348
2020-08-18,1.2604000568389893
2020-08-19,1.2510000467300415
2020-08-20,1.2467000484466553
2020-08-21,1.2079999446868896
2020-08-24,1.2475999593734741
2020-08-25,1.26010000705719
2020-08-26,1.2446999549865723
2020-08-27,1.2107000350952148
2020-08-28,1.2161999940872192
2020-08-31,1.1960999965667725
2020-09-01,1.2308000326156616
2020-09-02,1.1885000467300415
2020-09-03,1.1677000522613525
2020-09-04,1.1514999866485596
2020-09-08,1.076799988746643
2020-09-09,1.1060999631881714
2020-09-10,1.0823999643325806
2020-09-11,1.0895999670028687
2020-09-14,1.093400001525879
2020-09-15,1.0993000268936157
2020-09-16,1.1162999868392944
2020-09-17,1.1598000526428223
2020-09-18,1.159000039100647
2020-09-21,1.107300043106079
2020-09-22,1.0960999727249146
2020-09-23,1.1074999570846558
2020-09-24,1.1167000532150269
2020-09-25,1.1261999607086182
2020-09-28,1.1395000219345093
2020-09-29,1.1089999675750732
2020-09-30,1.145400047302246
2020-10-01,1.125
2020-10-02,1.0850000381469727
2020-10-05,1.1332999467849731
2020-10-06,1.188599944114685
2020-10-07,1.1607999801635742
2020-10-08,1.1922999620437622
2020-10-09,1.1933000087738037
2020-10-12,1.157099962234497
2020-10-13,1.1690000295639038
2020-10-14,1.1924999952316284
2020-10-15,1.1886999607086182
2020-10-16,1.1791000366210938
2020-10-19,1.1581000089645386
2020-10-20,1.1734999418258667
2020-10-21,1.1398999691009521
2020-10-22,1.1606999635696411
2020-10-23,1.1512999534606934
2020-10-26,1.1217999458312988
2020-10-27,1.1576999425888062
2020-10-28,1.1141999959945679
2020-10-29,1.0884000062942505
2020-10-30,1.0813000202178955
2020-11-02,1.1123000383377075
2020-11-03,1.1270999908447266
2020-11-04,1.1734999418258667
2020-11-05,1.169600009918213
2020-11-06,1.1426000595092773
2020-11-09,1.2166999578475952
2020-11-10,1.252500057220459
2020-11-11,1.2458000183105469
2020-11-12,1.233299970626831
2020-11-13,1.204200029373169
2020-11-16,1.2288999557495117
2020-11-17,1.2390999794006348
2020-11-18,1.2640000581741333
2020-11-19,1.2706999778747559
2020-11-20,1.2862999439239502
2020-11-23,1.3105000257492065
2020-11-24,1.3595000505447388
2020-11-25,1.3866000175476074
2020-11-27,1.3804999589920044
2020-11-30,1.3559000492095947
2020-12-01,1.3473000526428223
2020-12-02,1.3661999702453613
2020-12-03,1.3933000564575195
2020-12-04,1.402999997138977
2020-12-07,1.3991999626159668
2020-12-08,1.4067000150680542
2020-12-09,1.398900032043457
2020-12-10,1.4357000589370728
2020-12-11,1.436900019645691
2020-12-14,1.4543999433517456
2020-12-15,1.464400053024292
2020-12-16,1.4779000282287598
2020-12-17,1.4952000379562378
2020-12-18,1.5130000114440918
2020-12-21,1.4773999452590942
2020-12-22,1.4615999460220337
2020-12-23,1.497499942779541
2020-12-24,1.4900000095367432
2020-12-28,1.4789999723434448
2020-12-29,1.486799955368042
2020-12-30,1.489799976348877
2020-12-31,1.4763000011444092
2021-01-04,1.4620000123977661
2021-01-05,1.5189000368118286
2021-01-06,1.5286999940872192
2021-01-07,1.538100004196167
2021-01-08,1.5794999599456787
2021-01-11,1.5735000371932983
2021-01-12,1.5966999530792236
2021-01-13,1.5988999605178833
2021-01-14,1.6194000244140625
2021-01-15,1.592900037765503
2021-01-19,1.5987000465393066
2021-01-20,1.6003999710083008
2021-01-21,1.600600004196167
2021-01-22,1.5759999752044678
2021-01-25,1.5938999652862549
2021-01-26,1.5983999967575073
2021-01-27,1.6088999509811401
2021-01-28,1.601699948310852
2021-01-29,1.6003999710083008
2021-02-01,1.6469000577926636
2021-02-02,1.6746000051498413
2021-02-03,1.690500020980835
2021-02-04,1.7005000114440918
2021-02-05,1.7137000560760498
2021-02-08,1.7477999925613403
2021-02-09,1.756700038909912
2021-02-10,1.7610000371932983
2021-02-11,1.7446000576019287
2021-02-12,1.771399974822998
2021-02-16,1.8143999576568604
2021-02-17,1.8377000093460083
2021-02-18,1.836400032043457
2021-02-19,1.8229000568389893
2021-02-22,1.8586000204086304
2021-02-23,1.8680000305175781
2021-02-24,1.9083000421524048
2021-02-25,1.906599998474121
2021-02-26,1.8565000295639038
2021-03-01,1.819200038909912
2021-03-02,1.8080999851226807
2021-03-03,1.8357000350952148
2021-03-04,1.8960000276565552
2021-03-05,1.944000005722046
2021-03-08,1.9084999561309814
2021-03-09,1.9072999954223633
2021-03-10,1.9172999858856201
2021-03-11,1.9594000577926636
2021-03-12,1.9674999713897705
2021-03-15,1.9488999843597412
2021-03-16,1.9327000379562378
2021-03-17,1.9061000347137451
2021-03-18,1.7841999530792236
2021-03-19,1.8222999572753906
2021-03-22,1.829300045967102
2021-03-23,1.748900055885315
2021-03-24,1.825600028038025
2021-03-25,1.7477999925613403
2021-03-26,1.809999942779541
2021-03-29,1.8098000288009644
2021-03-30,1.789199948310852
2021-03-31,1.771299958229065
2021-04-01,1.8315999507904053
2021-04-05,1.7724000215530396
2021-04-06,1.794100046157837
2021-04-07,1.8078999519348145
2021-04-08,1.8098000288009644
2021-04-09,1.8076000213623047
2021-04-12,1.8079999685287476
2021-04-13,1.8144999742507935
2021-04-14,1.8899999856948853
2021-04-15,1.898900032043457
2021-04-16,1.8956999778747559
2021-04-19,1.8925000429153442
2021-04-20,1.8801000118255615
2021-04-21,1.853700041770935
2021-04-22,1.86080002784729
2021-04-23,1.8734999895095825
2021-04-26,1.878499984741211
2021-04-27,1.9056999683380127
2021-04-28,1.938599944114685
2021-04-29,1.961400032043457
2021-04-30,1.9211000204086304
2021-05-03,1.9519000053405762
2021-05-04,1.9988000392913818
2021-05-05,2.002500057220459
2021-05-06,1.9895000457763672
2021-05-07,2.0106000900268555
2021-05-10,2.0165998935699463
2021-05-11,2.0416998863220215
2021-05-12,2.069499969482422
2021-05-13,2.0009000301361084
2021-05-14,2.0362000465393066
2021-05-17,2.0604000091552734
2021-05-18,2.0564000606536865
2021-05-19,2.0071001052856445
2021-05-20,1.964400053024292
2021-05-21,1.9881999492645264
2021-05-24,2.0420000553131104
2021-05-25,2.035399913787842
2021-05-26,2.0452001094818115
2021-05-27,2.0564000606536865
2021-05-28,2.0445001125335693
2021-06-01,2.071500062942505
2021-06-02,2.107100009918213
2021-06-03,2.1017000675201416
2021-06-04,2.1198999881744385
2021-06-07,2.115600109100342
2021-06-08,2.134999990463257
2021-06-09,2.129499912261963
2021-06-10,2.143399953842163
2021-06-11,2.120699882507324
2021-06-14,2.111599922180176
2021-06-15,2.112299919128418
2021-06-16,2.1033999919891357
2021-06-17,2.066800117492676
2021-06-18,2.0931999683380127
2021-06-21,2.126800060272217
2021-06-22,2.1510000228881836
2021-06-23,2.15939998626709
2021-06-24,2.1623001098632812
2021-06-25,2.1493000984191895
2021-06-28,2.1182000637054443
2021-06-29,2.1219000816345215
2021-06-30,2.128700017929077
2021-07-01,2.1561999320983887
2021-07-02,2.1791000366210938
2021-07-06,2.1048998832702637
2021-07-07,2.089099884033203
2021-07-08,2.1203999519348145
2021-07-09,2.1552000045776367
2021-07-12,2.1498000621795654
2021-07-13,2.1844000816345215
2021-07-14,2.1435000896453857
2021-07-15,2.112600088119507
2021-07-16,2.113300085067749
2021-07-19,1.985200047492981
2021-07-20,2.012700080871582
2021-07-21,2.0869998931884766
2021-07-22,2.1326000690460205
2021-07-23,2.1338999271392822
2021-07-26,2.1510000228881836
2021-07-27,2.143899917602539
2021-07-28,2.1559998989105225
2021-07-29,2.1893999576568604
2021-07-30,2.199399948120117
2021-08-02,2.1357998847961426
2021-08-03,2.1263999938964844
2021-08-04,2.0741000175476074
2021-08-05,2.1059999465942383
2021-08-06,2.0845000743865967
2021-08-09,2.042099952697754
2021-08-10,2.080199956893921
2021-08-11,2.105799913406372
2021-08-12,2.1038999557495117
2021-08-13,2.077899932861328
2021-08-16,2.04830002784729
2021-08-17,2.036099910736084
2021-08-18,2.021199941635132
2021-08-19,1.968999981880188
2021-08-20,1.9082000255584717
2021-08-23,2.0051000118255615
2021-08-24,2.066800117492676
2021-08-25,2.1182000637054443
2021-08-26,2.083199977874756
2021-08-27,2.1092000007629395
2021-08-30,2.1403000354766846
2021-08-31,2.13100004196167
2021-09-01,2.1289000511169434
2021-09-02,2.1677000522613525
2021-09-03,2.15939998626709
2021-09-07,2.1215999126434326
2021-09-08,2.136399984359741
2021-09-09,2.1136999130249023
2021-09-10,2.1459999084472656
2021-09-13,2.1582999229431152
2021-09-14,2.16129994392395
2021-09-15,2.2053000926971436
2021-09-16,2.2109999656677246
2021-09-17,2.2091000080108643
2021-09-20,2.1589999198913574
2021-09-21,2.173799991607666
2021-09-22,2.2116000652313232
2021-09-23,2.2490999698638916
2021-09-24,2.2671000957489014
2021-09-27,2.2960000038146973
2021-09-28,2.2890000343322754
2021-09-29,2.307499885559082
2021-09-30,2.3417000770568848
2021-10-01,2.382699966430664
2021-10-04,2.4365999698638916
2021-10-05,2.4935998916625977
2021-10-06,2.441999912261963
2021-10-07,2.4595999717712402
2021-10-08,2.4737000465393066
2021-10-11,2.515000104904175
2021-10-12,2.509999990463257
2021-10-13,2.5211000442504883
2021-10-14,2.5613999366760254
2021-10-15,2.573699951171875
2021-10-18,2.5492000579833984
2021-10-19,2.560699939727783
2021-10-20,2.5922999382019043
2021-10-21,2.549099922180176
2021-10-22,2.5388998985290527
2021-10-25,2.56469988822937
2021-10-26,2.5773000717163086
2021-10-27,2.5148000717163086
2021-10-28,2.5164999961853027
2021-10-29,2.4964001178741455
2021-11-01,2.5030999183654785
2021-11-02,2.50819993019104
2021-11-03,2.434499979019165
2021-11-04,2.406599998474121
2021-11-05,2.4556000232696533
2021-11-08,2.467099905014038
2021-11-09,2.5081000328063965
2021-11-10,2.4521000385284424
2021-11-11,2.4470999240875244
2021-11-12,2.403700113296509
2021-11-15,2.398099899291992
2021-11-16,2.4309000968933105
2021-11-17,2.3643999099731445
2021-11-18,2.384000062942505
2021-11-19,2.2934000492095947
2021-11-22,2.3254001140594482
2021-11-23,2.3842999935150146
2021-11-24,2.382999897003174
2021-11-26,2.0945000648498535
2021-11-29,2.152100086212158
2021-11-30,2.063800096511841
2021-12-01,2.0771000385284424
2021-12-02,2.1033999919891357
2021-12-03,2.098400115966797
2021-12-06,2.1712000370025635
2021-12-07,2.224600076675415
2021-12-08,2.2613000869750977
2021-12-09,2.2502999305725098
2021-12-10,2.2516000270843506
2021-12-13,2.232800006866455
2021-12-14,2.218400001525879
2021-12-15,2.220400094985962
2021-12-16,2.2662999629974365
2021-12-17,2.219899892807007
2021-12-20,2.1730000972747803
2021-12-21,2.2578001022338867
2021-12-22,2.307800054550171
2021-12-23,2.331399917602539
2021-12-27,2.3534998893737793
2021-12-28,2.3714001178741455
2021-12-29,2.3777999877929688
2021-12-30,2.395900011062622
2021-12-31,2.3301000595092773
2022-01-03,2.3573999404907227
2022-01-04,2.4094998836517334
2022-01-05,2.4460999965667725
2022-01-06,2.4776999950408936
2022-01-07,2.481800079345703
2022-01-10,2.487600088119507
2022-01-11,2.5636000633239746
2022-01-12,2.5941998958587646
2022-01-13,2.6085000038146973
2022-01-14,2.6342999935150146
2022-01-18,2.6740000247955322
2022-01-19,2.6923000812530518
2022-01-20,2.671799898147583
2022-01-21,2.691200017929077
2022-01-24,2.6273999214172363
2022-01-25,2.669100046157837
2022-01-26,2.74399995803833
2022-01-27,2.7945001125335693
2022-01-28,2.7855000495910645
2022-01-31,2.759200096130371
2022-02-01,2.7411999702453613
2022-02-02,2.768899917602539
2022-02-03,2.8394999504089355
2022-02-04,2.8750998973846436
2022-02-07,2.8554000854492188
2022-02-08,2.79259991645813
2022-02-09,2.824899911880493
2022-02-10,2.827199935913086
2022-02-11,2.910900115966797
2022-02-14,2.9618000984191895
2022-02-15,2.859499931335449
2022-02-16,2.8575000762939453
2022-02-17,2.7862000465393066
2022-02-18,2.7815001010894775
2022-02-22,2.8187999725341797
2022-02-23,2.829200029373169
2022-02-24,2.896899938583374
2022-02-25,2.8494999408721924
2022-02-28,3.013400077819824
2022-03-01,3.151099920272827
2022-03-02,3.4946999549865723
2022-03-03,3.5034000873565674
2022-03-04,3.7762999534606934
2022-03-07,3.9214999675750732
2022-03-08,4.437300205230713
2022-03-09,3.4642999172210693
2022-03-10,3.2962000370025635
2022-03-11,3.41759991645813
2022-03-14,3.2762999534606934
2022-03-15,3.0297000408172607
2022-03-16,3.100100040435791
2022-03-17,3.4874000549316406
2022-03-18,3.598099946975708
2022-03-21,3.8008999824523926
2022-03-22,3.8642001152038574
2022-03-23,4.114799976348877
2022-03-24,4.15339994430542
2022-03-25,4.11460018157959
2022-03-28,3.783400058746338
2022-03-29,3.716099977493286
2022-03-30,3.808500051498413
2022-03-31,3.691200017929077
2022-04-01,3.4240000247955322
2022-04-04,3.546099901199341
2022-04-05,3.4681999683380127
2022-04-06,3.3452000617980957
2022-04-07,3.2678000926971436
2022-04-08,3.3176000118255615
2022-04-11,3.267699956893921
2022-04-12,3.464400053024292
2022-04-13,3.718400001525879
2022-04-14,3.85479998588562
2022-04-18,3.8907999992370605
2022-04-19,3.8619000911712646
2022-04-20,3.973099946975708
2022-04-21,3.9007999897003174
2022-04-22,3.9386000633239746
2022-04-25,4.09089994430542
2022-04-26,4.467899799346924
2022-04-27,4.674300193786621
2022-04-28,5.13539981842041
2022-04-29,4.781700134277344
2022-05-02,4.204899787902832
2022-05-03,4.082699775695801
2022-05-04,4.197000026702881
2022-05-05,4.041299819946289
2022-05-06,3.9542999267578125
2022-05-09,3.83489990234375
2022-05-10,3.9321999549865723
2022-05-11,3.951200008392334
2022-05-12,3.916100025177002
2022-05-13,3.9212000370025635
2022-05-16,3.9075000286102295
2022-05-17,3.799299955368042
2022-05-18,3.668100118637085
2022-05-19,3.7920000553131104
2022-05-20,3.7390999794006348
2022-05-23,3.7688000202178955
2022-05-24,3.7818000316619873
2022-05-25,3.8664000034332275
2022-05-26,3.9679999351501465
2022-05-27,4.002900123596191
2022-05-31,4.09089994430542
2022-06-01,4.1433000564575195
2022-06-02,4.208399772644043
2022-06-03,4.280300140380859
2022-06-06,4.360099792480469
2022-06-07,4.3206000328063965
2022-06-08,4.314300060272217
2022-06-09,4.40369987487793
2022-06-10,4.366700172424316
2022-06-13,4.283400058746338
2022-06-14,4.394000053405762
2022-06-15,4.546999931335449
2022-06-16,4.571300029754639
2022-06-17,4.339799880981445
2022-06-21,4.358399868011475
2022-06-22,4.404600143432617
2022-06-23,4.337900161743164
2022-06-24,4.3628997802734375
2022-06-27,4.230199813842773
2022-06-28,4.199399948120117
2022-06-29,4.0366997718811035
2022-06-30,3.898200035095215
2022-07-01,3.9388999938964844
2022-07-05,3.601599931716919
2022-07-06,3.410599946975708
2022-07-07,3.6738998889923096
2022-07-08,3.6728999614715576
2022-07-11,3.7681000232696533
2022-07-12,3.662600040435791
2022-07-13,3.6658999919891357
2022-07-14,3.649399995803833
2022-07-15,3.6989998817443848
2022-07-18,3.6554999351501465
2022-07-19,3.626800060272217
2022-07-20,3.604300022125244
2022-07-21,3.5903000831604004
2022-07-22,3.4556000232696533
2022-07-25,3.5165998935699463
2022-07-26,3.583899974822998
2022-07-27,3.7172999382019043
2022-07-28,3.686300039291382
2022-07-29,3.6247000694274902
2022-08-01,3.440000057220459
2022-08-02,3.3803999423980713
2022-08-03,3.414799928665161
2022-08-04,3.3371999263763428
2022-08-05,3.21589994430542
2022-08-08,3.1791000366210938
2022-08-09,3.3338000774383545
2022-08-10,3.4103000164031982
2022-08-11,3.4839999675750732
2022-08-12,3.5178000926971436
2022-08-15,3.4402999877929688
2022-08-16,3.4802000522613525
2022-08-17,3.6173999309539795
2022-08-18,3.6496999263763428
2022-08-19,3.700500011444092
2022-08-22,3.77620005607605
2022-08-23,3.841900110244751
2022-08-24,4.013199806213379
2022-08-25,3.9491000175476074
2022-08-26,4.007599830627441
2022-08-29,3.909899950027466
2022-08-30,3.8171000480651855
2022-08-31,3.715399980545044
2022-09-01,3.561199903488159
2022-09-02,3.578000068664551
2022-09-06,3.5738000869750977
2022-09-07,3.5859999656677246
2022-09-08,3.54010009765625
2022-09-09,3.578700065612793
2022-09-12,3.603100061416626
2022-09-13,3.541300058364868
2022-09-14,3.3789000511169434
2022-09-15,3.205199956893921
2022-09-16,3.172499895095825
2022-09-19,3.310800075531006
2022-09-20,3.3722000122070312
2022-09-21,3.3338000774383545
2022-09-22,3.4114999771118164
2022-09-23,3.2370998859405518
2022-09-26,3.1291000843048096
2022-09-27,3.2599000930786133
2022-09-28,3.449399948120117
2022-09-29,3.414599895477295
2022-09-30,3.36899995803833
2022-10-03,3.3691000938415527
2022-10-04,3.535799980163574
2022-10-05,3.6868999004364014
2022-10-06,3.8649001121520996
2022-10-07,4.018700122833252
2022-10-10,3.9147000312805176
2022-10-11,3.930799961090088
2022-10-12,3.932800054550171
2022-10-13,4.094799995422363
2022-10-14,3.9802000522613525
2022-10-17,4.08519983291626
2022-10-18,3.993499994277954
2022-10-19,3.9042999744415283
2022-10-20,3.7567999362945557
2022-10-21,3.8322999477386475
2022-10-24,3.920099973678589
2022-10-25,3.9672000408172607
2022-10-26,4.120100021362305
2022-10-27,4.333899974822998
2022-10-28,4.549799919128418
2022-10-31,4.190899848937988
2022-11-01,3.6210999488830566
2022-11-02,3.6774001121520996
2022-11-03,3.865299940109253
2022-11-04,3.914799928665161
2022-11-07,3.781100034713745
2022-11-08,3.770699977874756
2022-11-09,3.6563000679016113
2022-11-10,3.5694000720977783
2022-11-11,3.555299997329712
2022-11-14,3.5439999103546143
2022-11-15,3.6412999629974365
2022-11-16,3.613600015640259
2022-11-17,3.5248000621795654
2022-11-18,3.5181000232696533
2022-11-21,3.497299909591675
2022-11-22,3.471299886703491
2022-11-23,3.359299898147583
2022-11-25,3.2390999794006348
2022-11-28,3.215399980545044
2022-11-29,3.2959001064300537
2022-11-30,3.3629000186920166
2022-12-01,3.262399911880493
2022-12-02,3.1684999465942383
2022-12-05,2.999799966812134
2022-12-06,2.9154999256134033
2022-12-07,2.7804999351501465
2022-12-08,2.8798000812530518
2022-12-09,2.7936999797821045
2022-12-12,2.9684998989105225
2022-12-13,3.0922000408172607
2022-12-14,3.2767999172210693
2022-12-15,3.283400058746338
2022-12-16,3.1198999881744385
2022-12-19,3.053499937057495
2022-12-20,3.0589001178741455
2022-12-21,3.1394999027252197
2022-12-22,3.1314001083374023
2022-12-23,3.2660999298095703
2022-12-27,3.3536999225616455
2022-12-28,3.3777999877929688
2022-12-29,3.312999963760376
2022-12-30,3.3622000217437744
2023-01-03,3.0864999294281006
2023-01-04,2.97189998626709
2023-01-05,2.9723000526428223
2023-01-06,3.004499912261963
2023-01-09,3.0360000133514404
2023-01-10,3.135699987411499
2023-01-11,3.217900037765503
2023-01-12,3.2190001010894775
2023-01-13,3.2558999061584473
2023-01-17,3.250999927520752
2023-01-18,3.263000011444092
2023-01-19,3.3759000301361084
2023-01-20,3.4667999744415283
2023-01-23,3.5508999824523926
2023-01-24,3.4272000789642334
2023-01-25,3.361299991607666
2023-01-26,3.3965001106262207
2023-01-27,3.265500068664551
2023-01-30,3.11080002784729
2023-01-31,3.182300090789795
2023-02-01,2.9511001110076904
2023-02-02,2.896699905395508
2023-02-03,2.7753000259399414
2023-02-06,2.768699884414673
2023-02-07,2.904400110244751
2023-02-08,2.8933000564575195
2023-02-09,2.8153998851776123
2023-02-10,2.8645999431610107
2023-02-13,2.9056999683380127
2023-02-14,2.9400999546051025
2023-02-15,2.844399929046631
2023-02-16,2.810800075531006
2023-02-17,2.712100028991699
2023-02-21,2.7918999195098877
2023-02-22,2.7147998809814453
2023-02-23,2.7081000804901123
2023-02-24,2.7962000370025635
2023-02-27,2.8197999000549316
2023-02-28,2.8208999633789062
2023-03-01,2.873800039291382
2023-03-02,2.8661999702453613
2023-03-03,2.913100004196167
2023-03-06,2.8866000175476074
2023-03-07,2.797499895095825
2023-03-08,2.7418999671936035
2023-03-09,2.6689000129699707
2023-03-10,2.772900104522705
2023-03-13,2.7614998817443848
2023-03-14,2.714400053024292
2023-03-15,2.6048998832702637
2023-03-16,2.6435000896453857
2023-03-17,2.6786999702453613
2023-03-20,2.6870999336242676
2023-03-21,2.690200090408325
2023-03-22,2.740299940109253
2023-03-23,2.6847000122070312
2023-03-24,2.695199966430664
2023-03-27,2.770400047302246
2023-03-28,2.7695999145507812
2023-03-29,2.658099889755249
2023-03-30,2.623699903488159
2023-03-31,2.676300048828125
2023-04-03,2.662600040435791
2023-04-04,2.6666998863220215
2023-04-05,2.7309999465942383
2023-04-06,2.6605000495910645
2023-04-10,2.6814000606536865
2023-04-11,2.6682000160217285
2023-04-12,2.7030999660491943
2023-04-13,2.672800064086914
2023-04-14,2.63919997215271
2023-04-17,2.6147000789642334
2023-04-18,2.599900007247925
2023-04-19,2.5576999187469482
2023-04-20,2.4948999881744385
2023-04-21,2.488600015640259
2023-04-24,2.5309998989105225
2023-04-25,2.4511001110076904
2023-04-26,2.372999906539917
2023-04-27,2.3541998863220215
2023-04-28,2.378700017929077
2023-05-01,2.3822999000549316
2023-05-02,2.2892000675201416
2023-05-03,2.232300043106079
2023-05-04,2.2386999130249023
2023-05-05,2.31469988822937
2023-05-08,2.377700090408325
2023-05-09,2.390199899673462
2023-05-10,2.393399953842163
2023-05-11,2.3494999408721924
2023-05-12,2.305500030517578
2023-05-15,2.378000020980835
2023-05-16,2.3638999462127686
2023-05-17,2.422600030899048
2023-05-18,2.402600049972534
2023-05-19,2.3622000217437744
2023-05-22,2.3664000034332275
2023-05-23,2.3617000579833984
2023-05-24,2.4137001037597656
2023-05-25,2.3461999893188477
2023-05-26,2.36929988861084
2023-05-30,2.2808001041412354
2023-05-31,2.2595999240875244
2023-06-01,2.31469988822937
2023-06-02,2.3568999767303467
2023-06-05,2.377500057220459
2023-06-06,2.367799997329712
2023-06-07,2.4017999172210693
2023-06-08,2.3898000717163086
2023-06-09,2.3610000610351562
2023-06-12,2.3090999126434326
2023-06-13,2.3954999446868896
2023-06-14,2.3577001094818115
2023-06-15,2.479599952697754
2023-06-16,2.5513999462127686
2023-06-20,2.475399971008301
2023-06-21,2.564199924468994
2023-06-22,2.4655001163482666
2023-06-23,2.407099962234497
2023-06-26,2.438800096511841
2023-06-27,2.3989999294281006
2023-06-28,2.4066998958587646
2023-06-29,2.415600061416626
2023-06-30,2.448199987411499
2023-07-03,2.3773000240325928
2023-07-05,2.493299961090088
2023-07-06,2.4793999195098877
2023-07-07,2.5590999126434326
2023-07-10,2.5532000064849854
2023-07-11,2.583699941635132
2023-07-12,2.599600076675415
2023-07-13,2.6103999614715576
2023-07-14,2.597899913787842
2023-07-17,2.564199924468994
2023-07-18,2.599400043487549
2023-07-19,2.6417999267578125
2023-07-20,2.664400100708008
2023-07-21,2.745699882507324
2023-07-24,2.7704999446868896
2023-07-25,2.777600049972534
2023-07-26,2.842900037765503
2023-07-27,2.9168999195098877
2023-07-28,2.9586000442504883
2023-07-31,2.9909000396728516
2023-08-01,3.023400068283081
2023-08-02,3.004300117492676
2023-08-03,3.074899911880493
2023-08-04,3.0622000694274902
2023-08-07,3.015500068664551
2023-08-08,3.085599899291992
2023-08-09,3.2070000171661377
2023-08-10,3.1533000469207764
2023-08-11,3.121500015258789
2023-08-14,3.0882999897003174
2023-08-15,3.0280001163482666
2023-08-16,3.020900011062622
2023-08-17,3.0938000679016113
2023-08-18,3.1596999168395996
2023-08-21,3.1161999702453613
2023-08-22,3.1387999057769775
2023-08-23,3.1291000843048096
2023-08-24,3.156399965286255
2023-08-25,3.307499885559082
2023-08-28,3.203700065612793
2023-08-29,3.2095000743865967
2023-08-30,3.0961999893188477
2023-08-31,3.1426000595092773
2023-09-01,3.1050000190734863
2023-09-05,3.219599962234497
2023-09-06,3.192699909210205
2023-09-07,3.2123000621795654
2023-09-08,3.299099922180176
2023-09-11,3.3622000217437744
2023-09-12,3.3282999992370605
2023-09-13,3.4354000091552734
2023-09-14,3.4814999103546143
2023-09-15,3.3833999633789062
2023-09-18,3.288300037384033
2023-09-19,3.3738999366760254
2023-09-20,3.3268001079559326
2023-09-21,3.368000030517578
2023-09-22,3.3062000274658203
2023-09-25,3.262200117111206
2023-09-26,3.22379994392395
2023-09-27,3.31469988822937
2023-09-28,3.318000078201294
2023-09-29,3.3622000217437744
2023-10-02,3.2225000858306885
2023-10-03,3.1953999996185303
2023-10-04,3.0178000926971436
2023-10-05,2.8687000274658203
2023-10-06,2.9007999897003174
2023-10-09,2.966599941253662
2023-10-10,3.0201001167297363
2023-10-11,2.998500108718872
2023-10-12,3.0448999404907227
2023-10-13,3.211699962615967
2023-10-16,3.149199962615967
2023-10-17,3.1767001152038574
2023-10-18,3.1393001079559326
2023-10-19,3.1730000972747803
2023-10-20,3.156599998474121
2023-10-23,3.0954999923706055
2023-10-24,3.0448999404907227
2023-10-25,3.0304999351501465
2023-10-26,3.0439000129699707
2023-10-27,3.0518999099731445
2023-10-30,2.9663000106811523
2023-10-31,2.990999937057495
2023-11-01,2.9614999294281006
2023-11-02,3.0255000591278076
2023-11-03,2.923799991607666
2023-11-06,2.952399969100952
2023-11-07,2.838399887084961
2023-11-08,2.7492001056671143
2023-11-09,2.719099998474121
2023-11-10,2.7430999279022217
2023-11-13,2.8392999172210693
2023-11-14,2.837100028991699
2023-11-15,2.8687000274658203
2023-11-16,2.750200033187866
2023-11-17,2.7725000381469727
2023-11-20,2.8494999408721924
2023-11-21,2.9249000549316406
2023-11-22,2.8891000747680664
2023-11-23,2.8712000846862793
2023-11-24,2.835700035095215
2023-11-27,2.837899923324585
2023-11-28,2.9070000648498535
2023-11-29,2.8884999752044678
2023-11-30,2.8304998874664307
2023-12-01,2.6614999771118164
2023-12-04,2.6596999168395996
2023-12-05,2.6410999298095703
2023-12-06,2.576200008392334
2023-12-07,2.5492000579833984
2023-12-08,2.5810000896453857
2023-12-11,2.6087000370025635
2023-12-12,2.5074000358581543
2023-12-13,2.548099994659424
2023-12-14,2.5913000106811523
2023-12-15,2.620800018310547
2023-12-18,2.672800064086914
2023-12-19,2.7167999744415283
2023-12-20,2.7084999084472656
2023-12-21,2.6967999935150146
2023-12-22,2.6612000465393066
2023-12-26,2.668800115585327
2023-12-27,2.6238999366760254
2023-12-28,2.556299924850464
2023-12-29,2.553100109100342
2024-01-02,2.5257999897003174
2024-01-03,2.6043999195098877
2024-01-04,2.588399887084961
2024-01-05,2.6085000038146973
2024-01-08,2.576900005340576
2024-01-09,2.650399923324585
2024-01-10,2.600600004196167
2024-01-11,2.673799991607666
2024-01-12,2.669300079345703
2024-01-16,2.660599946975708
2024-01-17,2.653599977493286
2024-01-18,2.6935999393463135
2024-01-19,2.662100076675415
2024-01-22,2.69350004196167
2024-01-23,2.6912999153137207
2024-01-24,2.68179988861084
2024-01-25,2.7953999042510986
2024-01-26,2.843400001525879
2024-01-29,2.833899974822998
2024-01-30,2.80679988861084
2024-01-31,2.808199882507324
2024-02-01,2.712899923324585
2024-02-02,2.6600000858306885
2024-02-05,2.7248001098632812
2024-02-06,2.7427000999450684
2024-02-07,2.815200090408325
2024-02-08,2.8907999992370605
2024-02-09,2.964200019836426
2024-02-12,2.919600009918213
2024-02-13,2.895900011062622
2024-02-14,2.8101000785827637
2024-02-15,2.823699951171875
2024-02-16,2.8066000938415527
2024-02-20,2.7314999103546143
2024-02-21,2.705199956893921
2024-02-22,2.752000093460083
2024-02-23,2.68969988822937
2024-02-26,2.762700080871582
2024-02-27,2.746000051498413
2024-02-28,2.6582999229431152
2024-02-29,2.683799982070923
2024-03-01,2.704200029373169
2024-03-04,2.647200107574463
2024-03-05,2.6064999103546143
2024-03-06,2.663300037384033
2024-03-07,2.694700002670288
2024-03-08,2.640899896621704
2024-03-11,2.6517999172210693
2024-03-12,2.616499900817871
2024-03-13,2.6851000785827637
2024-03-14,2.7088000774383545
2024-03-15,2.7269999980926514
2024-03-18,2.7881999015808105
2024-03-19,2.760699987411499
2024-03-20,2.69569993019104
2024-03-21,2.668800115585327
2024-03-22,2.65339994430542
2024-03-25,2.6786000728607178
2024-03-26,2.621799945831299
2024-03-27,2.598599910736084
2024-03-28,2.615600109100342
2024-04-01,2.6270999908447266
2024-04-02,2.711899995803833
2024-04-03,2.7323999404907227
2024-04-04,2.741300106048584
2024-04-05,2.7730000019073486
2024-04-08,2.7286999225616455
2024-04-09,2.677000045776367
2024-04-10,2.7076001167297363
2024-04-11,2.6598000526428223
2024-04-12,2.6851000785827637
2024-04-15,2.6542000770568848
2024-04-16,2.6512999534606934
2024-04-17,2.574700117111206
2024-04-18,2.533900022506714
2024-04-19,2.541300058364868
2024-04-22,2.5604000091552734
2024-04-23,2.579200029373169
2024-04-24,2.5499000549316406
2024-04-25,2.5504000186920166
2024-04-26,2.5481998920440674
2024-04-29,2.5313000679016113
2024-04-30,2.513400077819824
2024-05-01,2.451900005340576
2024-05-02,2.4430999755859375
2024-05-03,2.4433999061584473
2024-05-06,2.461400032043457
2024-05-07,2.46560001373291
2024-05-08,2.476099967956543
2024-05-09,2.47760009765625
2024-05-10,2.4344000816345215
2024-05-13,2.436800003051758
2024-05-14,2.4200000762939453
2024-05-15,2.423099994659424
2024-05-16,2.443700075149536
2024-05-17,2.486299991607666
2024-05-20,2.4870998859405518
2024-05-21,2.4623000621795654
2024-05-22,2.43179988861084
2024-05-23,2.411799907684326
2024-05-24,2.413599967956543
2024-05-28,2.4649999141693115
2024-05-29,2.437000036239624
2024-05-30,2.3694000244140625
2024-05-31,2.363600015640259
2024-06-03,2.2962000370025635
2024-06-04,2.285900115966797
2024-06-05,2.301100015640259
2024-06-06,2.357599973678589
2024-06-07,2.3517000675201416
2024-06-10,2.4147000312805176
2024-06-11,2.421299934387207
2024-06-12,2.4407999515533447
2024-06-13,2.486799955368042
2024-06-14,2.470599889755249
2024-06-17,2.4825000762939453
2024-06-18,2.5208001136779785
2024-06-20,2.5244998931884766
2024-06-21,2.491499900817871
2024-06-24,2.521399974822998
2024-06-25,2.509399890899658
2024-06-26,2.5374999046325684
2024-06-27,2.547600030899048
2024-06-28,2.516900062561035
2024-07-01,2.6147000789642334
2024-07-02,2.629699945449829
2024-07-03,2.6342999935150146
2024-07-05,2.602400064468384
2024-07-08,2.5790998935699463
2024-07-09,2.5236001014709473
2024-07-10,2.518399953842163
2024-07-11,2.518199920654297
2024-07-12,2.5095999240875244
2024-07-15,2.5136001110076904
2024-07-16,2.4688000679016113
2024-07-17,2.49399995803833
2024-07-18,2.486799955368042
2024-07-19,2.419100046157837
2024-07-22,2.434799909591675
2024-07-23,2.409899950027466
2024-07-24,2.452399969100952
2024-07-25,2.4711999893188477
2024-07-26,2.4196999073028564
2024-07-29,2.375
2024-07-30,2.3368000984191895
2024-07-31,2.4154999256134033
2024-08-01,2.406399965286255
2024-08-02,2.31850004196167
2024-08-05,2.2985999584198
2024-08-06,2.295799970626831
2024-08-07,2.355600118637085
2024-08-08,2.357800006866455
2024-08-09,2.3396999835968018
2024-08-12,2.4065001010894775
2024-08-13,2.38919997215271
2024-08-14,2.3682000637054443
2024-08-15,2.3778998851776123
2024-08-16,2.328700065612793
2024-08-19,2.2634999752044678
2024-08-20,2.263200044631958
2024-08-21,2.2497000694274902
2024-08-22,2.2634999752044678
2024-08-23,2.2997000217437744
2024-08-26,2.3480000495910645
2024-08-27,2.2862000465393066
2024-08-28,2.229099988937378
2024-08-29,2.2839999198913574
2024-08-30,2.251499891281128
2024-09-03,2.2060000896453857
2024-09-04,2.1575000286102295
2024-09-05,2.1689000129699707
2024-09-06,2.115000009536743
2024-09-09,2.139400005340576
2024-09-10,2.058000087738037
2024-09-11,2.0917000770568848
2024-09-12,2.118799924850464
2024-09-13,2.0843000411987305
2024-09-16,2.0968000888824463
2024-09-17,2.136699914932251
2024-09-18,2.1475000381469727
2024-09-19,2.171999931335449
2024-09-20,2.1614999771118164
2024-09-23,2.1451001167297363
2024-09-24,2.180500030517578
2024-09-25,2.1602001190185547
2024-09-26,2.1361000537872314
2024-09-27,2.132699966430664
2024-09-30,2.1317999362945557
2024-10-01,2.1742000579833984
2024-10-02,2.1821000576019287
2024-10-03,2.2946999073028564
2024-10-04,2.312700033187866
2024-10-07,2.396199941635132
2024-10-08,2.2971999645233154
2024-10-09,2.276900053024292
2024-10-10,2.3508999347686768
2024-10-11,2.343899965286255
2024-10-14,2.274199962615967
2024-10-15,2.187700033187866
2024-10-16,2.1747000217437744
2024-10-17,2.194499969482422
2024-10-18,2.1521999835968018
2024-10-21,2.183300018310547
2024-10-22,2.236999988555908
2024-10-23,2.22160005569458
2024-10-24,2.2023000717163086
2024-10-25,2.238100051879883
2024-10-28,2.1285998821258545
2024-10-29,2.133699893951416
2024-10-30,2.1875998973846436
2024-10-31,2.2195000648498535
2024-11-01,2.2342000007629395
2024-11-04,2.28410005569458
2024-11-05,2.3041999340057373
2024-11-06,2.2699999809265137
2024-11-07,2.286400079727173
2024-11-08,2.2388999462127686
2024-11-11,2.1975998878479004
2024-11-12,2.2107999324798584
2024-11-13,2.2193000316619873
2024-11-14,2.2123000621795654
2024-11-15,2.1709001064300537
2024-11-18,2.2513999938964844
2024-11-19,2.2402000427246094
2024-11-20,2.226300001144409
2024-11-21,2.274399995803833
2024-11-22,2.274899959564209
2024-11-25,2.235300064086914
2024-11-26,2.2404000759124756
2024-11-27,2.2035999298095703
2024-11-29,2.193000078201294
2024-12-02,2.1777000427246094
2024-12-03,2.2177000045776367
2024-12-04,2.1673998832702637
2024-12-05,2.1556999683380127
2024-12-06,2.1326000690460205
2024-12-09,2.183500051498413
2024-12-10,2.1861000061035156
2024-12-11,2.223299980163574
2024-12-12,2.236599922180176
2024-12-13,2.2699999809265137
2024-12-16,2.2639999389648438
2024-12-17,2.2279000282287598
2024-12-18,2.255000114440918
2024-12-19,2.2376999855041504
2024-12-20,2.2316999435424805
2024-12-23,2.226300001144409
2024-12-24,2.2214999198913574
2024-12-26,2.2053000926971436
2024-12-27,2.244800090789795
2024-12-30,2.299499988555908
